palabra,conteo,es_stopword
de,2424,True
et,2090,True
ne,1375,True
que,1352,True
en,1110,True
a,1035,True
la,944,True
ce,896,True
qui,876,True
est,863,True
dit,772,True
le,728,True
elle,681,True
je,666,True
vous,601,True
il,569,True
ame,510,False
se,499,True
ceste,488,True
luy,472,True
car,457,True
dieu,447,False
pour,443,True
par,432,True
amor,406,False
amour,386,False
sans,356,True
l'ame,315,False
raison,312,False
les,304,True
si,286,True
mais,280,True
c'est,263,False
plus,262,True
sa,259,True
divine,258,False
ou,257,True
tout,253,True
voulenté,237,False
son,233,True
du,230,True
nous,229,True
bonté,226,False
sont,219,True
estre,216,True
chose,211,True
nient,204,False
peut,200,False
comme,194,True
mesmes,190,True
moy,188,True
me,185,False
vouloir,181,False
pource,170,True
telle,169,False
des,165,True
comment,160,True
fait,157,True
mie,157,False
ilz,152,True
dont,149,True
dire,144,True
n'est,143,False
qu'il,141,False
point,138,True
nul,136,False
vie,135,False
leur,135,True
hee,125,False
ainsi,119,True
or,116,True
bien,115,True
mon,114,True
qu'elle,112,False
non,112,False
faire,112,True
toute,112,True
verité,112,False
tant,111,False
vertuz,110,False
quant,110,True
aussi,109,True
grant,102,False
ceulx,102,True
vostre,102,True
tous,101,True
ses,101,True
on,99,True
oeuvre,98,False
elles,98,True
nature,95,False
veult,95,False
ung,94,True
n'a,94,False
rien,93,False
fors,87,False
une,86,True
ames,86,False
telles,86,False
cognoissance,86,False
nulle,85,False
paix,85,False
dame,84,False
au,83,True
suis,82,False
avoir,80,False
chappitre,79,False
toutes,79,True
ces,77,False
soit,76,True
qe,74,False
encore,74,True
ma,73,True
choses,72,True
l'en,71,False
quoy,70,False
fut,69,True
celluy,69,False
livre,68,False
d'elle,68,False
donne,68,False
esperit,67,False
y,67,True
scet,66,False
donc,66,True
mieulx,65,False
avez,64,True
ont,63,True
tel,63,False
oeuvres,63,False
saint,62,False
aultre,62,True
pourquoy,61,False
creature,60,False
donné,60,False
puis,59,True
laquelle,59,False
celle,57,True
tres,57,True
n'en,56,False
deux,55,False
filz,55,False
saincte,54,False
demoure,53,False
jhsucrist,53,False
j'ay,53,False
pas,52,True
d'amour,52,False
tousjours,52,True
demande,52,False
corps,52,False
trinité,52,False
d'amor,51,False
estoit,50,True
oncques,50,False
eglise,49,False
franche,49,False
dictes,49,False
sinon,48,False
seulement,48,False
gens,48,False
avec,47,True
don,47,False
droit,47,False
marie,47,False
entendre,46,False
pure,46,False
seroit,46,True
regart,46,False
sire,46,False
convient,45,False
dedans,44,True
seul,44,False
voit,44,False
dis,43,True
seule,43,False
puisque,43,False
aux,42,True
donner,42,False
adonc,41,False
qu'ilz,41,False
pere,41,False
estes,41,False
mort,41,False
charité,40,False
fin,40,False
lumiere,40,False
mauvaistié,40,False
entendement,39,False
parler,39,False
doulce,39,False
doit,39,False
cueur,38,False
veoir,38,False
amy,38,False
fist,38,False
nostre,38,True
m'a,38,False
gloire,38,False
franchise,38,False
estat,37,False
mes,37,True
l'a,37,False
aultres,36,True
n'y,36,False
foy,36,False
contre,36,False
diray,36,False
ains,35,False
l'estre,35,False
cest,35,True
assavoir,35,False
peché,34,False
grace,34,False
noble,34,False
quelle,34,True
scay,34,False
faille,34,False
moins,34,True
donnée,34,False
ad,33,False
sens,33,False
aincoys,33,False
jamais,33,True
pourroit,33,False
courtoisie,32,False
lequel,32,False
puisse,32,False
d'esperit,32,False
terre,32,False
mye,32,False
fust,32,False
vit,31,False
trois,31,False
paradis,31,False
n'ont,31,False
divin,31,False
savoir,31,False
pays,31,False
sur,30,True
avoit,30,True
aucune,30,False
hors,30,False
devant,30,False
oultre,30,False
qi,29,False
puissance,29,False
ait,29,True
l'oeuvre,29,False
m'en,29,False
vray,29,False
apres,29,False
font,28,True
entendez,28,False
temps,28,False
dons,28,False
demandes,28,False
face,28,False
desir,28,False
es,27,True
sera,27,True
jusques,27,False
foiz,27,False
autant,27,False
c,27,False
parle,26,False
enfranchie,26,False
petit,26,False
monde,26,False
souvent,26,False
icy,26,False
ayme,26,False
esté,26,False
creatures,26,False
à,26,False
nom,26,False
fault,25,False
adnientie,25,False
petite,25,False
marriz,25,False
ay,24,False
propre,24,False
voire,24,False
dessus,24,False
fine,23,False
dist,23,True
envers,23,False
ja,23,False
parfaictement,23,False
hault,23,False
usage,23,False
semble,23,False
cause,23,False
aultrement,23,False
besoing,23,False
regarday,23,False
vrayement,22,False
pou,22,False
sapience,22,False
ores,22,False
cognoistre,22,False
vueil,22,False
pourtant,22,False
lame,22,False
povoit,22,False
mer,22,False
deité,22,False
eulx,22,False
d'eulx,22,False
voulez,21,False
oy,21,False
demourent,21,False
oir,21,False
honte,21,False
maintenant,21,False
souffrir,21,False
crainte,21,False
leurs,21,True
quil,21,False
anges,21,False
muée,21,False
penser,21,False
permanable,21,False
prendre,20,False
entre,20,True
mis,20,False
prie,20,False
o,20,False
trouver,20,False
pouvreté,20,False
scevent,20,False
garde,20,False
por,20,True
n'ay,20,False
cognoist,20,False
telz,20,False
personne,20,False
di,20,False
dieux,20,False
cil,20,True
humilité,19,False
mere,19,False
noblesse,19,False
proesmes,19,False
soleil,19,False
avons,19,True
s'en,19,False
neant,19,False
yvre,19,False
l'amor,19,False
haulte,18,False
mal,18,False
moyen,18,False
prins,18,False
maniere,18,False
vivent,18,False
moult,18,False
force,18,False
droicture,18,False
trop,18,False
humaine,18,False
combien,18,False
feu,18,False
l'esperit,18,False
jour,18,False
vivre,17,False
voz,17,False
l'amour,17,False
pareillement,17,False
seigneur,17,False
parfaicte,17,False
vraye,17,False
plaist,17,False
qu,17,True
bon,17,False
remplie,17,False
lesse,17,False
meilleur,17,False
povez,17,False
mors,17,False
l'entendement,16,False
loing,16,False
affin,16,False
sept,16,False
parfection,16,False
salut,16,False
pouse,16,False
mesaise,16,False
certes,16,False
prent,16,False
parlons,16,False
louenge,16,False
peust,16,False
fais,16,False
deffaulte,16,False
amer,16,False
croit,16,False
monstre,16,False
joye,16,False
doulx,16,False
regars,16,False
fort,15,False
ouquel,15,False
estres,15,False
venir,15,False
tient,15,False
amye,15,False
morte,15,False
celuy,15,False
pechez,15,False
grans,15,False
joincte,15,False
l'umanité,15,False
merveille,15,False
vouloit,15,False
quelque,15,False
trouve,15,False
avant,15,False
eust,15,False
veulent,15,False
loingpres,15,False
roy,14,False
quel,14,True
nully,14,False
vertu,14,False
ycy,14,True
conseil,14,False
d'une,14,False
qu'est,14,False
demourer,14,False
neantmoins,14,False
conscience,14,False
lesquieulx,14,False
plaine,14,False
natures,14,False
souffisance,14,False
povoir,14,False
lacuna,14,False
mien,14,False
esprit,14,False
cheue,14,False
tousdis,14,False
j'estoie,14,False
fille,13,False
mourir,13,False
vaillant,13,False
autres,13,True
congé,13,False
scait,13,False
assez,13,False
tesmoing,13,False
créee,13,False
siziesme,13,False
honnour,13,False
bas,13,False
justice,13,False
misericorde,13,False
demander,13,False
parmy,13,False
matere,13,False
vault,13,False
tourmens,13,False
eu,13,False
simple,13,False
plaisance,13,False
premier,13,True
faisoit,13,True
eut,13,False
perfection,13,False
celles,12,False
dehors,12,True
d'ung,12,False
pasture,12,False
noz,12,False
helas,12,False
perdre,12,False
sentement,12,False
sceu,12,False
encores,12,True
après,12,False
souffist,12,False
faicte,12,False
doubte,12,False
lieu,12,False
sien,12,False
fussent,12,False
savez,12,False
cognois,12,False
doy,12,False
peu,12,False
franchement,12,False
voie,12,False
iiijxx,12,False
ahan,12,False
d'elles,11,False
divines,11,False
plain,11,False
exemple,11,False
cy,11,True
soient,11,False
assise,11,False
franc,11,False
chault,11,False
m'est,11,False
partie,11,False
nulles,11,False
juste,11,False
vouldroit,11,False
heure,11,False
poins,11,False
deffaultes,11,False
croire,11,False
j'en,11,False
entente,11,False
vueille,11,False
sacrement,11,False
voient,11,False
chet,11,False
neccessité,11,False
estoient,11,True
maistre,11,False
nulz,11,False
biens,11,False
l'aultre,11,False
labour,11,False
soy,11,False
somme,11,False
cent,11,False
pevent,11,False
vraiement,11,False
fons,11,False
periz,11,False
mect,11,False
gentil,11,False
lignage,11,False
substance,11,False
comprendre,10,False
parfait,10,False
ntre,10,False
garder,10,False
tu,10,True
adviengne,10,False
compte,10,False
q'elle,10,False
seraphins,10,False
commencement,10,False
affection,10,False
ciel,10,False
esbahye,10,False
souffizance,10,False
contraire,10,False
paroles,10,False
amée,10,False
comparaison,10,False
repos,10,False
voir,10,False
feroit,10,False
diez,10,False
jay,10,False
debte,10,False
perte,10,False
seront,10,False
sers,10,False
glose,10,False
fera,10,False
montaigne,10,False
pitié,10,False
vouloie,10,False
cecy,10,False
pensee,10,False
coulpe,10,False
pres,9,False
sourprinse,9,False
second,9,False
dessoubz,9,False
cinquiesme,9,False
demandent,9,False
vieult,9,False
quiert,9,False
congnoissance,9,False
nest,9,False
loue,9,False
pouroit,9,False
servage,9,False
mise,9,False
nyent,9,False
l'usage,9,False
furent,9,True
laqelle,9,False
quart,9,False
maistresse,9,False
j'eusse,9,False
lieux,9,False
rudesse,9,False
vint,9,False
vierge,9,False
cestuy,9,False
pur,9,False
proesme,9,False
faictes,9,False
traductions,9,False
medievaux,9,False
demandez,9,False
commancement,9,False
tiens,9,False
l'une,9,False
ennemis,9,False
voye,9,False
querir,9,False
n'ayme,9,False
appelle,9,False
n'eust,9,False
puisqu'il,9,False
seroie,9,False
abysme,9,False
mectre,9,False
guerre,9,False
marrie,9,False
loy,9,False
respondre,9,False
fruit,9,False
seigneurie,8,False
septiesme,8,False
savoie,8,False
donna,8,False
amis,8,False
viengne,8,False
long,8,False
souffert,8,False
bonne,8,False
desirer,8,False
nenny,8,False
qu'elles,8,False
sert,8,False
mouvoir,8,False
desire,8,False
certaine,8,False
deffaillance,8,False
parlé,8,False
mesure,8,False
digne,8,False
selon,8,False
d'estre,8,False
pensée,8,False
j'ayme,8,False
appellez,8,False
motz,8,False
response,8,False
m'avez,8,False
homme,8,False
voulentiers,8,False
remise,8,False
respond,8,False
faulte,8,False
connue,8,False
parquoy,8,False
crea,8,False
m'esconvient,8,False
prfaictement,8,False
devez,8,False
unie,8,False
l'ay,8,False
telx,8,False
muance,8,False
prsonne,8,False
sent,8,False
delices,8,False
court,8,False
cela,8,False
tenir,8,False
voulu,8,False
mouvement,8,False
venue,8,False
escript,8,False
souverain,8,False
naist,8,False
homs,8,False
pecher,8,False
science,7,False
semblance,7,False
confort,7,False
lui,7,False
aucuns,7,False
petis,7,False
faisant,7,False
maindre,7,False
l'exemple,7,False
tresor,7,False
laisse,7,False
demourant,7,False
auroit,7,False
jhucrist,7,False
serve,7,False
richesse,7,False
prinse,7,False
diroient,7,False
dient,7,False
retenu,7,False
deust,7,False
ca,7,False
remors,7,False
unité,7,False
moment,7,False
e,7,False
nomme,7,False
noms,7,False
nommée,7,False
croistre,7,False
tiers,7,False
auront,7,False
appert,7,False
ixe,7,False
auditeurs,7,False
d'entendement,7,False
pluseurs,7,False
martire,7,False
peuvent,7,False
l'autel,7,False
humanité,7,False
sentir,7,False
vient,7,False
chappitr,7,False
ose,7,False
sage,7,False
condicion,7,False
clarté,7,False
dure,7,False
value,7,False
precieuse,7,False
regarde,7,False
raiz,7,False
purté,7,False
art,7,False
perdu,7,False
possession,7,False
lors,7,True
concordance,7,False
cogneue,7,False
quantes,7,False
ouy,7,False
reprennement,7,False
d'un,7,False
née,7,False
nue,7,False
cours,7,False
tiennent,7,False
glorieuse,7,False
entencion,7,False
tost,7,False
encombrée,7,False
porter,7,False
sachez,7,False
ot,7,False
frans,7,False
m'y,7,False
baptiste,7,False
costez,7,False
nuement,7,False
amiable,7,False
delit,7,False
froment,7,False
ainsy,6,True
fruiction,6,False
damoiselle,6,False
estrange,6,False
tantost,6,False
su,6,False
escrire,6,False
largesse,6,False
nobles,6,False
premierement,6,False
pensees,6,False
prouffit,6,False
plaisir,6,False
esperance,6,False
saige,6,False
appellons,6,False
donnera,6,False
l'amy,6,False
service,6,False
maint,6,False
tourment,6,False
paine,6,False
desert,6,False
franches,6,False
enfer,6,False
demanderoit,6,False
soing,6,False
soiez,6,False
tollir,6,False
retenir,6,False
prenez,6,False
grain,6,False
haultesse,6,False
excepté,6,False
manieres,6,False
obedience,6,False
veulx,6,False
personnes,6,False
ordonnance,6,False
joinct,6,False
glorifiée,6,False
doncques,6,False
joincture,6,False
parole,6,False
donnent,6,False
quanqu'elle,6,False
sceust,6,False
touche,6,False
droicte,6,False
repouse,6,False
iiij,6,False
duquel,6,False
boisson,6,False
cler,6,False
meditacion,6,False
ouvrer,6,False
regardez,6,False
vision,6,False
feray,6,False
devoit,6,False
l'esprit,6,False
tollue,6,False
merveilles,6,False
esconvient,6,False
d'ores,6,False
celer,6,False
aler,6,False
debtes,6,False
faillir,6,False
tort,6,False
pieca,6,False
chapp,6,False
nourriz,6,False
yeulx,6,False
aultruy,6,False
gent,6,False
forme,6,False
secrez,6,False
ungs,6,False
longuement,6,False
esclar,6,False
demonstrance,6,False
ayde,6,False
estaz,6,False
mortel,6,False
nez,6,False
embatre,6,False
humain,6,False
asnes,6,False
langage,6,False
quicte,6,False
là,6,False
creacion,6,False
n'eut,6,False
marthe,6,False
disciples,6,False
chailloit,6,False
adnientiz,6,False
haultiesme,6,False
nourrist,6,False
costé,6,False
pert,6,False
pris,6,False
he,6,False
seur,6,False
quist,6,False
ordres,6,False
espandue,6,False
semence,6,False
monstra,6,False
sotise,6,False
oyez,5,False
dirons,5,False
esglise,5,False
checun,5,False
devons,5,False
notez,5,False
te,5,False
paour,5,False
congnoist,5,False
piez,5,False
demeure,5,False
estant,5,False
feust,5,False
puissant,5,False
estoie,5,False
j'avoie,5,False
vive,5,False
honneur,5,False
donnoit,5,False
gros,5,False
danger,5,False
vouldroient,5,False
s'elles,5,False
l'entend,5,False
vouloient,5,False
divinité,5,False
siet,5,False
requeste,5,False
darnier,5,False
l'avez,5,False
maulx,5,False
l'ayme,5,False
riche,5,False
aprent,5,False
porce,5,False
mot,5,False
actaindre,5,False
die,5,False
sienne,5,False
grandeur,5,False
mouelle,5,False
clere,5,False
d'avoir,5,False
sains,5,False
sentent,5,False
creance,5,False
na,5,False
faiz,5,False
adnienties,5,False
am,5,False
advient,5,False
potences,5,False
boit,5,False
beu,5,False
finement,5,False
richesses,5,False
povoye,5,False
cogneu,5,False
taire,5,False
nu,5,False
terme,5,False
tousjoursmes,5,False
serez,5,False
ama,5,False
l'espoux,5,False
bonte,5,False
ytelle,5,False
l'ont,5,False
porte,5,False
mue,5,False
tenue,5,False
mercy,5,False
ch,5,False
aucun,5,False
l'ardeur,5,False
pouvre,5,False
chemin,5,False
ouverture,5,False
closure,5,False
gardent,5,False
commande,5,False
coniunction,5,False
union,5,False
tire,5,False
voulente,5,False
emplie,5,False
adam,5,False
m'ont,5,False
rempli,5,False
mucer,5,False
forfait,5,False
descombrez,5,False
messages,5,False
rendre,5,False
foiblece,5,False
apostres,5,False
quilz,5,False
souveraineté,5,False
ravoir,5,False
maiesté,5,False
savoit,5,False
empeschement,5,False
trouvé,5,False
mendiant,5,False
trouva,5,False
corrupcion,5,False
plaire,5,False
joie,5,False
aggreable,5,False
permanablement,5,False
n'eusse,5,False
respondi,5,False
pensez,4,False
clers,4,False
vraie,4,False
aucunes,4,False
noblece,4,False
souffisoit,4,False
prandre,4,False
soie,4,False
recoit,4,False
commandemens,4,False
vieulx,4,False
crée,4,False
partout,4,False
multipliance,4,False
saulve,4,False
ix,4,False
d'amy,4,False
estincelle,4,False
comprins,4,False
vole,4,False
devroit,4,False
possible,4,False
mainte,4,False
confesse,4,False
voustre,4,False
auray,4,False
demourée,4,False
l'escripture,4,False
l'entendre,4,False
subtillité,4,False
puisqu'elle,4,False
lesquelles,4,False
l'obedience,4,False
travail,4,False
jugement,4,False
bonnes,4,False
cuide,4,False
vallee,4,False
d'umilité,4,False
xe,4,False
donnez,4,False
paisible,4,False
assovye,4,False
nommé,4,False
dir,4,False
soustenir,4,False
excusée,4,False
quint,4,False
touldroit,4,False
enclose,4,False
souveraine,4,False
diroit,4,True
seray,4,False
consentement,4,False
acomplir,4,False
pa,4,False
l'union,4,False
amez,4,False
faites,4,False
aise,4,False
quelles,4,True
seure,4,False
certiffie,4,False
prosperité,4,False
mesme,4,True
contemplacion,4,False
voions,4,False
sainte,4,False
reprinse,4,False
parfont,4,False
n'ait,4,False
forte,4,False
prison,4,False
cestes,4,False
gaigner,4,False
avoient,4,True
eussent,4,False
feroient,4,False
noyau,4,False
l'amant,4,False
aura,4,False
n'estoit,4,False
desplaise,4,False
cognoissent,4,False
destre,4,False
senestre,4,False
nouveau,4,False
prouffitable,4,False
prsonnes,4,False
oez,4,False
hommes,4,False
prise,4,False
emprise,4,False
convenir,4,False
amant,4,False
part,4,False
lesser,4,False
demourront,4,False
louer,4,False
j'avoye,4,False
quanque,4,False
discrecion,4,False
pense,4,False
j,4,False
n'avez,4,False
estez,4,False
toutesfoiz,4,False
d'aultruy,4,False
l'espouse,4,False
courtois,4,False
passé,4,False
bouche,4,False
peuple,4,False
escriptures,4,False
plaisoit,4,False
borgne,4,False
doctrine,4,False
grever,4,False
fu,4,False
venuz,4,False
dea,4,False
l'euvangile,4,False
royaulme,4,False
miracles,4,False
print,4,False
affluences,4,False
entrée,4,False
ayment,4,False
perissent,4,False
orront,4,False
tranchant,4,False
d'enfant,4,False
l'ouverture,4,False
ravissable,4,False
divinement,4,False
esbahyssement,4,False
ensemble,4,False
quatre,4,False
d'esprit,4,False
promis,4,False
flour,4,False
divins,4,False
craint,4,False
dira,4,False
secrete,4,False
voult,4,False
forfaicte,4,False
espouse,4,False
mont,4,False
cacher,4,False
encombrez,4,False
reprendre,4,False
faisoient,4,False
obey,4,False
demanday,4,False
fortes,4,False
paier,4,False
monte,4,False
plusieurs,4,False
branches,4,False
yssir,4,False
vje,4,False
sages,4,False
habondanment,4,False
vije,4,False
retour,4,False
sainteté,4,False
descombre,4,False
pourroient,4,False
l'eust,4,False
complexion,4,False
centiesme,4,False
toult,4,False
clariffiée,4,False
victoire,4,False
correccion,4,False
deusse,4,False
jolie,4,False
fus,4,False
feisse,4,False
jadis,4,False
chancon,4,False
avoie,4,False
tendreur,4,False
repousa,4,False
comprant,4,False
vouldroie,4,False
dames,3,False
graces,3,False
pais,3,False
actifs,3,False
orrez,3,False
estudie,3,False
subtil,3,False
l'entendez,3,False
courage,3,False
oit,3,False
pensa,3,False
ymage,3,False
usages,3,False
j'aye,3,False
enfans,3,False
valoir,3,False
troiziesme,3,False
chouse,3,False
jhesucrist,3,False
vens,3,False
t,3,False
vait,3,False
quelqe,3,False
gaigne,3,False
perdent,3,False
anientie,3,False
voulons,3,False
nos,3,False
ales,3,False
nouvelle,3,False
maistres,3,False
difference,3,False
alles,3,False
seigner,3,False
souffrit,3,False
char,3,False
bestes,3,False
loyal,3,False
delivrée,3,False
gref,3,False
d'enfer,3,False
d'omme,3,False
ravie,3,False
devenue,3,False
desirs,3,False
lessé,3,False
n'entend,3,False
saulver,3,False
laissent,3,False
tourmentée,3,False
maistresses,3,False
brefment,3,False
prenons,3,False
failt,3,False
xij,3,False
po,3,False
actifz,3,False
innocent,3,False
contemplatifz,3,False
l'abondance,3,False
nombre,3,False
horribles,3,False
confusion,3,False
souvenance,3,False
oeuvrer,3,False
jncomprehensible,3,False
surmonte,3,False
chaille,3,False
povre,3,False
aprendre,3,False
viije,3,False
aymera,3,False
deceuz,3,False
croient,3,False
deceue,3,False
j'entens,3,False
paille,3,False
leqel,3,False
declaracion,3,False
precieusement,3,False
esleuz,3,False
pruffit,3,False
simples,3,False
respons,3,False
messes,3,False
sermons,3,False
jeunes,3,False
oraisons,3,False
despiz,3,False
temporelles,3,False
forst,3,False
souffrance,3,False
deulx,3,False
congié,3,False
vouldrez,3,False
appartient,3,False
cher,3,False
ferons,3,False
sainement,3,False
temptacion,3,False
ordonné,3,False
pain,3,False
enluminée,3,False
esmerveillez,3,False
d'union,3,False
tend,3,False
portent,3,False
mesaises,3,False
desplaisance,3,False
crées,3,False
entendemens,3,False
certaines,3,False
pouroient,3,False
prfection,3,False
d'innocence,3,False
elemens,3,False
soustient,3,False
apparcevoir,3,False
coustume,3,False
toust,3,False
devise,3,False
sauroit,3,False
esmerveille,3,False
servir,3,False
obeir,3,False
courtoysie,3,False
seurs,3,False
probable,3,False
trouveroit,3,False
singulier,3,False
certain,3,False
vois,3,False
disoit,3,True
n'estes,3,False
aprinse,3,False
clerement,3,False
beaulté,3,False
arreste,3,False
petiz,3,False
cheoir,3,False
beut,3,False
bevra,3,False
droiture,3,False
purement,3,False
memoire,3,False
xxiiije,3,False
joyes,3,False
proprement,3,False
quiconques,3,False
n'aymera,3,False
seigneurs,3,False
amans,3,False
doulceur,3,False
xxvije,3,False
amast,3,False
loyaulment,3,False
guerdon,3,False
daigneroit,3,False
convenables,3,False
oyr,3,False
espoux,3,False
cognoisse,3,False
plaira,3,False
porcion,3,False
pourroye,3,False
regarder,3,False
apaisez,3,False
compaignie,3,False
n'avoit,3,False
valez,3,False
durer,3,False
fauldroit,3,False
voiez,3,False
verra,3,False
ferez,3,False
croix,3,False
destruire,3,False
vers,3,True
monstrez,3,False
gardez,3,False
erre,3,False
mesler,3,False
tousfoiz,3,False
tren,3,False
doivent,3,False
acquictée,3,False
povons,3,False
enclos,3,False
ayons,3,False
croyons,3,False
vice,3,False
fusse,3,False
comparer,3,False
l'entente,3,False
gouvernent,3,False
recevoir,3,False
chescun,3,True
detenue,3,False
monstré,3,False
tollu,3,False
ataindre,3,False
aournée,3,False
fer,3,False
perdue,3,False
repose,3,False
large,3,False
pierre,3,False
gouste,3,False
convint,3,False
tierce,3,False
gloses,3,False
disent,3,False
mauvais,3,False
sommes,3,False
l'estat,3,False
marchans,3,False
francs,3,False
hastive,3,False
l'espandement,3,False
descombrée,3,False
delicieuse,3,False
vesquit,3,False
cel,3,True
ardour,3,False
croy,3,False
villains,3,False
sieent,3,False
beaulx,3,False
lecon,3,False
merveilleusement,3,False
fondue,3,False
tirée,3,False
convenable,3,False
tache,3,False
my,3,False
certaineté,3,False
plantée,3,False
quierent,3,False
beniamin,3,False
rachel,3,False
naistre,3,False
jaloux,3,False
eue,3,False
ange,3,False
q'il,3,False
croist,3,False
monstrer,3,False
entend,3,False
d'unité,3,False
merveilleuse,3,False
eslite,3,False
dessusdictes,3,False
emprinse,3,False
umbre,3,False
n'eussent,3,False
voulsist,3,False
sceut,3,False
presté,3,False
message,3,False
envoyay,3,False
encombrier,3,False
arguay,3,False
eussez,3,False
foiblesse,3,False
descombrer,3,False
demourez,3,False
seroient,3,False
haberger,3,False
demoura,3,False
n'ama,3,False
foible,3,False
source,3,False
fontaine,3,False
jouvence,3,False
plante,3,False
vins,3,False
iiije,3,False
m'ait,3,False
diront,3,False
remectre,3,False
pointe,3,False
d'abondance,3,False
l'auroie,3,False
depuis,3,False
germaines,3,False
meres,3,False
xiiije,3,False
queroit,3,False
amys,3,False
disant,3,False
oeil,3,False
excellente,3,False
differance,3,False
retenance,3,False
table,3,False
s'y,3,False
traiement,3,False
meffait,3,False
demourroit,3,False
aye,3,False
engin,3,False
soubtil,3,False
haberge,3,False
orgueilleuse,3,False
dangereuse,3,False
engendre,3,False
apparcoit,3,False
degré,3,False
monter,3,False
vaincre,3,False
despart,3,False
orgueil,3,False
devenu,3,False
mees,3,False
pourroie,3,False
amoye,3,False
ton,3,True
d'affeccion,3,False
mouvoit,3,False
laboureur,3,False
lettre,3,False
engoisseusement,3,False
contenir,3,False
comprens,3,False
povoie,3,False
comprendroie,3,False
peusse,3,False
yssue,3,False
faillit,3,False
tresoriere,2,False
aurez,2,False
aiez,2,False
engins,2,False
maison,2,False
xiiie,2,False
vergoigne,2,False
humiliez,2,False
vos,2,False
touchée,2,False
prmier,2,False
montée,2,False
puissances,2,False
autrement,2,False
demouroit,2,False
pouvoit,2,False
figure,2,False
navrée,2,False
amoit,2,False
l'affection,2,False
represente,2,False
ils,2,False
l'est,2,False
puissent,2,False
meffaire,2,False
cappitre,2,False
trinté,2,False
l'aymons,2,False
facions,2,False
disons,2,False
vouldrions,2,False
commendemens,2,False
enfance,2,False
va,2,False
chouses,2,False
pouvres,2,False
besoigne,2,False
d'autruy,2,False
loyer,2,False
droite,2,False
retient,2,False
mortiffié,2,False
effection,2,False
iiii,2,False
vi,2,False
six,2,False
n'ya,2,False
lamour,2,False
cueuvre,2,False
doubter,2,False
oyseaux,2,False
incomprehensible,2,False
vivant,2,False
journee,2,False
prens,2,False
dessevree,2,False
sauvez,2,False
habandonnée,2,False
tandis,2,False
dangers,2,False
sui,2,False
hayne,2,False
treshault,2,False
serves,2,False
devenir,2,False
sous,2,False
devenues,2,False
veullent,2,False
neufiesme,2,False
delles,2,False
congnoyssance,2,False
desprise,2,False
sermon,2,False
oraison,2,False
conioincte,2,False
deffendue,2,False
qu'esse,2,False
l'entendent,2,False
trouvoit,2,False
filles,2,False
sons,2,False
desirent,2,False
relenquie,2,False
null,2,False
passe,2,False
esprance,2,False
mendie,2,False
entrer,2,False
sembleroit,2,False
prle,2,False
aient,2,True
mesdire,2,False
mesdis,2,False
pensées,2,False
prler,2,False
villenie,2,False
mentir,2,False
demanderay,2,False
complainte,2,False
xije,2,False
voulois,2,False
acomplie,2,False
desdisant,2,False
d,2,False
laissez,2,False
pouez,2,False
haultement,2,False
arrest,2,False
petitesse,2,False
voluenté,2,False
responce,2,False
contente,2,False
priere,2,False
aventure,2,False
doubles,2,False
mots,2,False
souverainement,2,False
distincte,2,False
mirouer,2,False
chapitre,2,False
richisse,2,False
neufuiesme,2,False
despit,2,False
tribulacions,2,False
l'aprent,2,False
enseignement,2,False
conseiller,2,False
refuse,2,False
aises,2,False
passion,2,False
z,2,False
demaine,2,False
hayé,2,False
adversitez,2,False
surmontans,2,False
qelles,2,False
acheson,2,False
l'incarnacion,2,False
pouvoir,2,False
recoivent,2,False
prennent,2,False
puissez,2,False
humainement,2,False
len,2,False
savour,2,False
precieulx,2,False
use,2,False
repaistre,2,False
lordonnance,2,False
fondement,2,False
delieté,2,False
demandant,2,False
l'aprouchement,2,False
plantureuse,2,False
cognoyssance,2,False
nouvelles,2,False
sainctes,2,False
esquieulx,2,False
aprenez,2,False
aider,2,False
comprennement,2,False
xvije,2,False
cure,2,False
refuser,2,False
appertement,2,False
domage,2,False
deussent,2,False
l'espace,2,False
s'aucune,2,False
soustenance,2,False
l'eaue,2,False
dix,2,False
sentit,2,False
lire,2,False
esmerveilleroit,2,False
voyre,2,False
gouvernée,2,False
troys,2,False
heures,2,False
dignité,2,False
servent,2,False
haultes,2,False
louées,2,False
commandées,2,False
recepvoir,2,False
n'entre,2,False
vérité,2,False
out,2,False
l'oir,2,False
singuliere,2,False
créees,2,False
xxje,2,False
serviteur,2,False
contredit,2,False
aprins,2,False
menée,2,False
acomparagée,2,False
l'aigle,2,False
xxije,2,False
resplendisseur,2,False
cedre,2,False
consolacion,2,False
commune,2,False
meure,2,False
joyeuse,2,False
desirez,2,False
beura,2,False
broches,2,False
tonneau,2,False
vin,2,False
obliée,2,False
aymer,2,False
persant,2,False
d'affection,2,False
mendier,2,False
seules,2,False
xxve,2,False
mortifficacion,2,False
noye,2,False
arse,2,False
momens,2,False
priser,2,False
l'empesche,2,False
xxvje,2,False
consolacions,2,False
d'oraison,2,False
confors,2,False
l'emprise,2,False
fie,2,False
ententes,2,False
noe,2,False
nage,2,False
flue,2,False
l'enfant,2,False
trentiesme,2,False
occasion,2,False
hahay,2,False
rachater,2,False
n'ose,2,False
vieulle,2,False
feroye,2,False
avenir,2,False
nyer,2,False
apaise,2,False
affiert,2,False
deistes,2,False
sembler,2,False
amender,2,False
ameroie,2,False
mande,2,False
fiance,2,False
bel,2,False
taisez,2,False
reconfortée,2,False
eusse,2,False
deist,2,False
trente,2,False
deuziesme,2,False
cognoistray,2,False
prensisse,2,False
voulsisse,2,False
d'aultre,2,False
pins,2,False
souffrez,2,False
compter,2,False
ondes,2,False
comprendement,2,False
emprises,2,False
xxxiije,2,False
pensé,2,False
petites,2,False
n'avoie,2,False
esbahir,2,False
xxxiiije,2,False
oblier,2,False
feussiez,2,False
seriez,2,False
eussiez,2,False
mourant,2,False
endebtée,2,False
courtoys,2,False
acquictez,2,False
oblié,2,False
gueres,2,False
menez,2,False
l'encontre,2,False
rens,2,False
octroie,2,False
rude,2,False
payx,2,False
reprenement,2,False
xxxviije,2,False
meschant,2,False
recouvrer,2,False
rendu,2,False
devisée,2,False
gouverner,2,False
goute,2,False
finées,2,False
surmontanment,2,False
abysmé,2,False
ueil,2,False
sentemens,2,False
perduz,2,False
conduire,2,False
reprendement,2,False
mist,2,False
enseigne,2,False
mucié,2,False
appellées,2,False
xliije,2,False
tiré,2,False
leçon,2,False
donneray,2,False
l'avons,2,False
l'entendons,2,False
languy,2,False
languist,2,False
appeler,2,False
l'escole,2,False
pouvroit,2,False
comprendroit,2,False
boire,2,False
donnast,2,False
souffre,2,False
adoncques,2,False
refusa,2,False
cuider,2,False
cuident,2,False
decoit,2,False
peussent,2,False
emprainte,2,False
cire,2,False
seel,2,False
exemplaire,2,False
humaines,2,False
semblable,2,False
vivez,2,False
chambre,2,False
habondances,2,False
xiie,2,False
l'atainte,2,False
vifs,2,False
laquel,2,False
liiije,2,False
d'entiere,2,False
entendu,2,False
vont,2,False
lymacon,2,False
ouvert,2,False
s'il,2,False
entende,2,False
border-shadow,2,False
px,2,False
nourriture,2,False
respondez,2,False
hydeur,2,False
ataint,2,False
conviengne,2,False
ouvres,2,False
charite,2,False
prieres,2,False
beneurez,2,False
voirement,2,False
l'enseignement,2,False
croions,2,False
un,2,True
meschans,2,False
adresce,2,False
jeu,2,False
cincquiesme,2,False
oncqes,2,False
ouvre,2,False
garderoit,2,False
loingprès,2,False
apparcevance,2,False
vesqu,2,False
adnientissement,2,False
rent,2,False
l'entreprise,2,False
demandé,2,False
coulour,2,False
meurent,2,False
hastez,2,False
sanguins,2,False
colleriques,2,False
entreprennent,2,False
l'abbit,2,False
glorieux,2,False
oste,2,False
tolle,2,False
honnours,2,False
vaine,2,False
dolens,2,False
gaing,2,False
courtoisement,2,False
sauvent,2,False
main,2,False
commandé,2,False
cha,2,False
tellement,2,False
gentilz,2,False
villain,2,False
n'oblieront,2,False
boillon,2,False
belle,2,False
services,2,False
hostel,2,False
embastre,2,False
leans,2,False
basse,2,False
prpre,2,False
ytel,2,False
conge,2,False
escole,2,False
commence,2,False
egal,2,False
commnt,2,False
trait,2,False
paist,2,False
soulcy,2,False
convenoit,2,False
ailleurs,2,False
attaindre,2,False
monstiers,2,False
querez,2,False
mucent,2,False
l'ung,2,False
magistrale,2,False
conioingt,2,False
l'entencion,2,False
distance,2,False
puique,2,False
l'acomplissement,2,False
seraphin,2,False
lxxviije,2,False
avecques,2,False
certez,2,False
surnom,2,False
celestielle,2,False
entredeux,2,False
transfigura,2,False
parlassent,2,False
ressuscité,2,False
espiciaulx,2,False
magdelene,2,False
gicta,2,False
l'ot,2,False
n'eurent,2,False
donnant,2,False
envoye,2,False
sachent,2,False
feront,2,False
reprins,2,False
troublez,2,False
chacun,2,True
voulz,2,False
enluminer,2,False
demandoye,2,False
sauverez,2,False
n'obeistes,2,False
jeunesse,2,False
delivrez,2,False
l'office,2,False
failloit,2,False
firent,2,False
s'i,2,False
l'ardour,2,False
servant,2,False
l'ostel,2,False
assouye,2,False
actaint,2,False
vuide,2,False
corporelment,2,False
muoit,2,False
encombré,2,False
chante,2,False
voyez,2,False
porté,2,False
accorde,2,False
sourprent,2,False
souviengne,2,False
enclorre,2,False
relenquis,2,False
appellé,2,False
eaue,2,False
riviere,2,False
rentre,2,False
delecte,2,False
gentile,2,False
vilain,2,False
glorieusement,2,False
sainctiffiée,2,False
vain,2,False
entendent,2,False
jmpossible,2,False
excuse,2,False
vings,2,False
respont,2,False
bataille,2,False
l'appelle,2,False
excellentement,2,False
quelx,2,False
excuser,2,False
merveilleuses,2,False
loe,2,False
merveilleux,2,False
hay,2,False
gictée,2,False
sond,2,False
tante,2,False
ayeule,2,False
mettre,2,False
loyaulx,2,False
endurer,2,False
desnuée,2,False
ressemble,2,False
l'estudie,2,False
vueillent,2,False
bref,2,False
sensualité,2,False
perdicion,2,False
quatreving,2,False
tollent,2,False
loeuvre,2,False
clarifiée,2,False
l'avoit,2,False
trestous,2,False
envie,2,False
n'ot,2,False
menger,2,False
relenquir,2,False
lassez,2,False
milieu,2,False
ayent,2,False
croira,2,False
autelles,2,False
gist,2,False
naturelle,2,False
ramaine,2,False
nuz,2,False
xve,2,False
amé,2,False
quanquil,2,False
xvje,2,False
laissoit,2,False
demendoit,2,False
demandoit,2,False
escripsit,2,False
larron,2,False
l'esconvient,2,False
glosez,2,False
socte,2,False
secours,2,False
coron,2,False
s'esbayssent,2,False
closture,2,False
ouverte,2,False
parla,2,False
sentiront,2,False
cognoistront,2,False
xixe,2,False
cueurs,2,False
vensist,2,False
l'aveugle,2,False
m'aye,2,False
comble,2,False
malgré,2,False
nientplus,2,False
souffroit,2,False
surplus,2,False
veu,2,False
inclinacion,2,False
l'inclinacion,2,False
sache,2,False
seconde,2,False
nombrer,2,False
rendue,2,False
m'avoit,2,False
peche,2,False
fussez,2,False
n'estoie,2,False
oyé,2,False
l'avoie,2,False
prensist,2,False
debonnaireté,2,False
ressoing,2,False
laboure,2,False
fiere,2,False
meditacions,2,False
remis,2,False
onccion,2,False
incréee,2,False
yssant,2,False
joingt,2,False
agreable,2,False
aymée,2,False
mena,2,False
aurions,2,False
ades,2,False
aveugles,2,False
coniunccion,2,False
esleue,2,False
s'esioist,2,False
grefté,2,False
contiens,2,False
contient,2,False
moye,2,False
passer,2,False
d'umaine,2,False
cruelle,2,False
essayé,2,False
prunelle,2,False
l'aymer,2,False
trouveront,2,False
may,2,False
affeccion,2,False
multiplier,2,False
reconforter,2,False
labours,2,False
singulierement,2,False
deduisant,2,False
delite,2,False
prdicion,2,False
retint,2,False
habondance,2,False
relever,2,False
veillart,2,False
quelconque,2,False
departir,2,False
laissé,2,False
cheues,2,False
cogneues,2,False
vueillez,2,False
denentraine,2,False
chere,2,False
assavourez,2,False
nonpourtant,2,False
assist,2,False
servoie,2,False
exprimer,2,False
loquence,2,False
yssu,2,False
toy,2,True
d'ardour,2,False
occist,2,False
m'enpeschoient,2,False
gentillesse,2,False
beguines,2,False
religion,2,False
l'aymeray,2,False
voise,2,False
mesleure,2,False
hoste,2,False
c'estoit,2,False
benoist,2,False
magdelaine,2,False
faillist,2,False
sema,2,False
gentilment,2,False
tenoit,2,False
ly,2,False
ayder,2,False
laboura,2,False
parfaictes,2,False
s'encombra,2,False
ouvrage,2,False
jehan,2,False
ventre,2,False
virgninité,2,False
acordance,2,False
osé,2,False
montera,2,False
meffaisoie,2,False
perdurablement,2,False
sceusse,2,False
l'ameroie,2,False
demourasse,2,False
permanables,2,False
escondire,2,False
conseilleroie,2,False
demenda,2,False
contendroie,2,False
j'estoye,2,False
helaz,2,False
cuidoit,2,False
amenuyser,2,False
demanda,2,False
esparnement,2,False
contemplay,2,False
subtile,2,False
lirez,1,False
direz,1,False
theologiens,1,False
procedez,1,False
humblement,1,False
ensement,1,False
facent,1,False
surmonter,1,False
tesmoigne,1,False
delivre,1,False
s'umilie,1,False
sciences,1,False
fondées,1,False
mettez,1,False
fiances,1,False
données,1,False
eluminées,1,False
comprendrez,1,False
prologue,1,False
denuée,1,False
pfection,1,False
ici,1,False
ontemplatifs,1,False
adnientifs,1,False
voille,1,False
naif,1,False
diligence,1,False
entendront,1,False
l'orront,1,False
advint,1,False
courteoisie,1,False
alexandre,1,False
volente,1,False
l'ama,1,False
grand,1,False
renommee,1,False
gentilesse,1,False
desconfortéee,1,False
loingtaigne,1,False
prouchaine,1,False
conforteroit,1,False
masaise,1,False
ymaginacion,1,False
d'aucune,1,False
paindre,1,False
representoit,1,False
presentacion,1,False
l'amoit,1,False
austres,1,False
songa,1,False
semblablement,1,False
alixandre,1,False
souvenir,1,False
obstant,1,False
palais,1,False
purs,1,False
affinés,1,False
franchix,1,False
l'acteur,1,False
direons,1,False
nsre,1,False
enfranchi,1,False
l'occasion,1,False
desqieulx,1,False
dispouse,1,False
l'entreprinse,1,False
diviser,1,False
commencerons,1,False
commendements,1,False
l'ayde,1,False
dyeu,1,False
commende,1,False
dions,1,False
pourement,1,False
regardons,1,False
voloir,1,False
pensons,1,False
fissent,1,False
necessité,1,False
jouvencel,1,False
as,1,True
m'ensuis,1,False
auras,1,False
cyelx,1,False
vertus,1,False
tendroit,1,False
demoureroit,1,False
n'obeyst,1,False
iiiie,1,False
n'obbeist,1,False
flechir,1,False
relief,1,False
promet,1,False
marchande,1,False
eschappe,1,False
lyens,1,False
lient,1,False
s'appelle,1,False
chappiitre,1,False
autre,1,True
i,1,False
ii,1,False
iii,1,False
v,1,False
aprandre,1,False
vii,1,False
toullir,1,False
viii,1,False
nait,1,False
p,1,False
siecle,1,False
despriser,1,False
amie,1,False
q,1,False
congneu,1,False
craindre,1,False
deable,1,False
qatre,1,False
élemens,1,False
l'air,1,False
mues,1,False
tourmentassent,1,False
despecassent,1,False
devorassent,1,False
frere,1,False
psonnes,1,False
amoureuse,1,False
chanter,1,False
gay,1,False
troup,1,False
constant,1,False
mus,1,False
avous,1,False
trestoute,1,False
vescu,1,False
esmay,1,False
endure,1,False
mervelles,1,False
qant,1,False
nullement,1,False
eschappée,1,False
sevrée,1,False
mcie,1,False
d'en,1,False
journée,1,False
ennuy,1,False
fui,1,False
dessevrée,1,False
viie,1,False
d'aise,1,False
comprent,1,False
travails,1,False
ainsoys,1,False
planté,1,False
desja,1,False
c'este,1,False
forains,1,False
boine,1,False
acoustumence,1,False
commendement,1,False
s'esbahist,1,False
viiie,1,False
mrveille,1,False
venur,1,False
deceu,1,False
souloient,1,False
d'oresenanant,1,False
demourerent,1,False
demouré,1,False
q'elles,1,False
serventa,1,False
otredit,1,False
seult,1,False
demenderoit,1,False
connvient,1,False
coute,1,False
honner,1,False
encoures,1,False
conforter,1,False
saulué,1,False
lasse,1,False
demenee,1,False
saulvée,1,False
tredit,1,False
seures,1,False
paisibles,1,False
purgtoire,1,False
certifiées,1,False
sault,1,False
despartiroient,1,False
scavoir,1,False
asseurées,1,False
acoustumé,1,False
maulvaises,1,False
congnissance,1,False
sauroient,1,False
juger,1,False
qvties,1,False
pvties,1,False
pouvrté,1,False
tbulacion,1,False
messe,1,False
jeune,1,False
ordonée,1,False
transformacon,1,False
l'eure,1,False
jnnocent,1,False
respo,1,False
come,1,False
d'escripture,1,False
l'etendront,1,False
sulement,1,False
d'avanture,1,False
aucunesfoiz,1,False
l'aura,1,False
escolliere,1,False
plane,1,False
resoouse,1,False
moutaigne,1,False
nomez,1,False
cougnoissance,1,False
assavor,1,False
tresmerveilleuce,1,False
cngnue,1,False
jhzlm,1,False
fondée,1,False
l'enluminée,1,False
l'aournée,1,False
l'adnientie,1,False
obliance,1,False
droiz,1,False
oyant,1,False
pr,1,False
declarant,1,False
neuf,1,False
desquieulx,1,False
mencion,1,False
xie,1,False
expousez,1,False
nommez,1,False
vne,1,False
racine,1,False
pois,1,False
effouldrée,1,False
espouentée,1,False
conclure,1,False
pechast,1,False
grat,1,False
jugemnt,1,False
s'ainsi,1,False
vousist,1,False
vengence,1,False
milliesme,1,False
foay,1,False
sy,1,False
occuppée,1,False
administre,1,False
brement,1,False
laultre,1,False
occupacion,1,False
environné,1,False
exoniée,1,False
feinx,1,False
assouist,1,False
espoirera,1,False
trouvera,1,False
espoire,1,False
constance,1,False
cognu,1,False
donnr,1,False
donneroit,1,False
reverance,1,False
auditurs,1,False
amera,1,False
n'ataindra,1,False
qulque,1,False
mirtifficacion,1,False
s'entendirent,1,False
arbitre,1,False
j'aime,1,False
bont,1,False
pardonné,1,False
mesdit,1,False
d'oir,1,False
feist,1,False
entendant,1,False
certainemnt,1,False
j'aie,1,False
acompli,1,False
l'entrepriuse,1,False
termine,1,False
entreprinses,1,False
l'ombre,1,False
souleil,1,False
subtilles,1,False
ymaginacions,1,False
atiremens,1,False
genacion,1,False
aluy,1,False
plaindre,1,False
entendés,1,False
lieulx,1,False
vnité,1,False
d'arbitres,1,False
sconvient,1,False
mesentendement,1,False
actrait,1,False
veines,1,False
estanche,1,False
orez,1,False
demendes,1,False
glore,1,False
munes,1,False
condescendue,1,False
declaré,1,False
dessu,1,False
contemplatifs,1,False
declares,1,False
communes,1,False
pourront,1,False
declarés,1,False
monstrera,1,False
priez,1,False
declaire,1,False
humble,1,False
nommerons,1,False
admiracions,1,False
perilz,1,False
honneurs,1,False
ostant,1,False
nore,1,False
n'entendra,1,False
obeis,1,False
quicunques,1,False
cordes,1,False
arc,1,False
aviur,1,False
prié,1,False
respondray,1,False
desveulent,1,False
nullez,1,False
prosperitez,1,False
n'occuppe,1,False
encombremens,1,False
devisé,1,False
chier,1,False
d'aversité,1,False
venoient,1,False
desvouloir,1,False
adiouste,1,False
quatorziesme,1,False
penserr,1,False
quinziesme,1,False
vrays,1,False
xiens,1,False
mectez,1,False
mortier,1,False
breez,1,False
dy,1,False
retourné,1,False
nenyl,1,False
realée,1,False
n'appartient,1,False
glorifié,1,False
savourent,1,False
odourent,1,False
desdit,1,False
fermement,1,False
blancheur,1,False
odeur,1,False
l'y,1,False
faisons,1,False
nourir,1,False
ediffice,1,False
subtilité,1,False
reçoit,1,False
concorde,1,False
assiete,1,False
seziesme,1,False
nulluy,1,False
cestui,1,False
syon,1,False
mendient,1,False
mandie,1,False
desireroit,1,False
nommées,1,False
apaisée,1,False
desplaist,1,False
desplaisir,1,False
aideront,1,False
arrestent,1,False
passées,1,False
concoivent,1,False
excellentes,1,False
especialement,1,False
goustent,1,False
malentendissent,1,False
n'avoient,1,False
faulsist,1,False
l'or,1,False
sceussent,1,False
retendroient,1,False
feussent,1,False
ble,1,False
accomplie,1,False
retenoit,1,False
retendroit,1,False
porquoy,1,False
encobrier,1,False
doie,1,False
chalour,1,False
rousée,1,False
reprouche,1,False
gracieulx,1,False
usent,1,False
autelle,1,False
marchent,1,False
edifice,1,False
huitiesme,1,False
noyeau,1,False
espahie,1,False
affiné,1,False
creatour,1,False
oublier,1,False
seurmontans,1,False
enseignez,1,False
appaiseront,1,False
s'esmaient,1,False
oyoit,1,False
air,1,False
mouvements,1,False
icelluy,1,False
rachetées,1,False
maintes,1,False
recrées,1,False
exillées,1,False
obliées,1,False
amout,1,False
celestielles,1,False
escriptes,1,False
singuliers,1,False
n'acompangne,1,False
cognoisstroit,1,False
roynes,1,False
espouses,1,False
cogneust,1,False
ycelluy,1,False
vingtiesme,1,False
cognoistroient,1,False
compaignes,1,False
lusage,1,False
l'argument,1,False
tosiours,1,False
plut,1,False
contraires,1,False
t'en,1,False
appaiseray,1,False
valet,1,False
quequil,1,False
coustast,1,False
ceu,1,False
rason,1,False
enseignoit,1,False
rauson,1,False
obediente,1,False
commander,1,False
esprirituelle,1,False
gaigné,1,False
norriture,1,False
cment,1,False
empenée,1,False
maleureuse,1,False
maintez,1,False
journées,1,False
s'effroie,1,False
tribulacion,1,False
desseure,1,False
amenuyse,1,False
substraction,1,False
tritresse,1,False
dissolucion,1,False
saintiffié,1,False
proye,1,False
lascheté,1,False
quoiy,1,False
affamez,1,False
vongt,1,False
appoie,1,False
chasteau,1,False
mote,1,False
miner,1,False
potence,1,False
s'appoie,1,False
l'eslevée,1,False
appoiée,1,False
enyvrer,1,False
tonnel,1,False
enyvrée,1,False
maist,1,False
delictable,1,False
enyvrant,1,False
broche,1,False
laqulle,1,False
boyve,1,False
enfranchies,1,False
ouez,1,False
d'après,1,False
boyvent,1,False
ardans,1,False
desquelx,1,False
volent,1,False
abisme,1,False
doicte,1,False
asserviroit,1,False
lessent,1,False
pourtent,1,False
l'ordonnence,1,False
remplies,1,False
comunes,1,False
desfranchissent,1,False
luist,1,False
jmpurté,1,False
impurté,1,False
oient,1,False
neny,1,False
mortiffiée,1,False
departie,1,False
froit,1,False
soif,1,False
fournaise,1,False
oye,1,False
aveuglement,1,False
l'avoir,1,False
coment,1,False
confortent,1,False
usaiges,1,False
empescheroient,1,False
mediatacion,1,False
vue,1,False
entere,1,False
vensissent,1,False
acquisicion,1,False
exonier,1,False
amerroit,1,False
souviendroit,1,False
loyalment,1,False
lvune,1,False
affoibliroit,1,False
vouloi,1,False
xxviije,1,False
fluans,1,False
decourans,1,False
commun,1,False
flambe,1,False
l'amie,1,False
innocence,1,False
assouysse,1,False
crie,1,False
mrcy,1,False
priant,1,False
assovyssez,1,False
assovysse,1,False
paisiblement,1,False
remuer,1,False
affie,1,False
dolour,1,False
s'assovir,1,False
entreprises,1,False
vieuillez,1,False
enquerir,1,False
perdriez,1,False
excepter,1,False
comprendront,1,False
creu,1,False
diroye,1,False
soigneux,1,False
créer,1,False
recréer,1,False
donnasse,1,False
donneroye,1,False
fautes,1,False
xxxje,1,False
n'affiere,1,False
croiez,1,False
d'amye,1,False
l'un,1,False
l'amenderoye,1,False
pouvez,1,False
privilege,1,False
souffise,1,False
croyez,1,False
saulvé,1,False
descharroye,1,False
declineroye,1,False
moiy,1,False
quik,1,False
entendeire,1,False
vouloye,1,False
faillot,1,False
acomparager,1,False
trouvait,1,False
apaisee,1,False
durent,1,False
n'auray,1,False
prouvez,1,False
legier,1,False
prouver,1,False
prouve,1,False
milles,1,False
habondans,1,False
damour,1,False
receivent,1,False
fauldroye,1,False
vente,1,False
descrire,1,False
compreigne,1,False
sure,1,False
descript,1,False
oyst,1,False
esbahyst,1,False
verray,1,False
mendres,1,False
m'esbahir,1,False
continuacion,1,False
precieux,1,False
puisquil,1,False
cognoissez,1,False
pourrez,1,False
descroistrez,1,False
conceu,1,False
estiez,1,False
prmierement,1,False
jus,1,False
rachatée,1,False
derrivée,1,False
usant,1,False
ordonnée,1,False
lavez,1,False
argue,1,False
xxxve,1,False
oevre,1,False
n'aimera,1,False
s'ensuit,1,False
n'ayma,1,False
n'estiez,1,False
chéez,1,False
errour,1,False
oppinion,1,False
pruvez,1,False
ennuyeuse,1,False
puissaince,1,False
tesmoignge,1,False
mene,1,False
oseroie,1,False
entremetre,1,False
ainsois,1,False
prmet,1,False
subiection,1,False
tournéees,1,False
servaige,1,False
afranchisse,1,False
l'octroie,1,False
m'octroie,1,False
vouldray,1,False
l'aye,1,False
qelque,1,False
advenue,1,False
cogneuz,1,False
xxxvije,1,False
laide,1,False
hideuse,1,False
voyant,1,False
courroucié,1,False
n'auroit,1,False
saurez,1,False
liront,1,False
recognoist,1,False
recognoissant,1,False
chap,1,False
desrivé,1,False
habandonné,1,False
pourtantne,1,False
esloignée,1,False
quans,1,False
oyseuse,1,False
encheue,1,False
barbetez,1,False
cequi,1,False
l'entendisse,1,False
svir,1,False
sve,1,False
xxxix,1,False
confesser,1,False
affaires,1,False
nennyl,1,False
l'ouse,1,False
continuance,1,False
pareillemnt,1,False
l'advenant,1,False
discrection,1,False
discretion,1,False
s,1,False
parreillement,1,False
conseillées,1,False
sourprins,1,False
mué,1,False
quiete,1,False
l'acquicte,1,False
xle,1,False
esleues,1,False
surmonanment,1,False
l'abisme,1,False
veoit,1,False
comparayson,1,False
mectra,1,False
loyale,1,False
xlje,1,False
soulement,1,False
secret,1,False
adnyentie,1,False
usaige,1,False
ouvrier,1,False
sente,1,False
cognoiste,1,False
choisir,1,False
seurmonte,1,False
n'osons,1,False
xlije,1,False
caché,1,False
pardurablement,1,False
n'aye,1,False
demourra,1,False
titre,1,False
cf,1,False
page,1,False
précedente,1,False
prprement,1,False
soustiennent,1,False
enseignent,1,False
nourrissent,1,False
usez,1,False
commandons,1,False
louons,1,False
ouvertement,1,False
toujours,1,True
prmis,1,False
trinite,1,False
ottroye,1,False
retenons,1,False
manire,1,False
reputée,1,False
rendroit,1,False
donnons,1,False
guerdonnée,1,False
souffisamment,1,False
d'atrempance,1,False
d'mour,1,False
quarente,1,False
quatriesme,1,False
guerroye,1,False
vices,1,False
acquerant,1,False
perilleuse,1,False
d'estude,1,False
languour,1,False
muc'e,1,False
boutée,1,False
prevent,1,False
n'avons,1,False
merite,1,False
lessons,1,False
donons,1,False
l'ordonnance,1,False
tens,1,False
nont,1,False
aprouvé,1,False
aprouves,1,False
gectée,1,False
voulor,1,False
xlve,1,False
cognoissoit,1,False
cognoistra,1,False
parties,1,False
comprenement,1,False
mette,1,False
autent,1,False
comprendra,1,False
cognoistroit,1,False
advis,1,False
xlvje,1,False
qelqe,1,False
nnient,1,False
xlvije,1,False
croyance,1,False
lont,1,False
ayes,1,False
l'oeil,1,False
pecheras,1,False
siege,1,False
tesmoignage,1,False
franchie,1,False
xlviije,1,False
serf,1,False
doievent,1,False
perdroient,1,False
chatel,1,False
ciudent,1,False
gregneur,1,False
bons,1,False
saoulz,1,False
ent,1,False
tonneresse,1,False
gutent,1,False
doubtables,1,False
delectables,1,False
xl,1,False
desveult,1,False
arrerages,1,False
moultipliances,1,False
dommage,1,False
aveuglez,1,False
mieux,1,False
comparason,1,False
raviz,1,False
pol,1,False
l'apostre,1,False
cinquantiesme,1,False
emprainture,1,False
l'emprainte,1,False
souffrances,1,False
mourut,1,False
dampné,1,False
emprunté,1,False
m'amye,1,False
chère,1,False
ainsnee,1,False
heritiere,1,False
dounée,1,False
lje,1,False
muee,1,False
amo,1,False
octroiee,1,False
donnee,1,False
donor,1,False
leoes,1,False
lonics,1,False
dessoubs,1,False
trestouse,1,False
maintien,1,False
hester,1,False
pasmée,1,False
marguerite,1,False
manoir,1,False
lygnage,1,False
bastardise,1,False
atainte,1,False
enluminé,1,False
aournemens,1,False
vestu,1,False
plu,1,False
verstue,1,False
nourrie,1,False
prmanable,1,False
contrée,1,False
prmecte,1,False
aidance,1,False
esprnement,1,False
l'adnientissement,1,False
lunité,1,False
ensevelir,1,False
couverture,1,False
parfonde,1,False
haultaine,1,False
largeur,1,False
seurmontaine,1,False
domaine,1,False
couvers,1,False
catastrophe,1,False
vus,1,False
l'orriez,1,False
l'entendriez,1,False
honny,1,False
ironie,1,False
gasté,1,False
l'eussent,1,False
bresves,1,False
responces,1,False
mesgnée,1,False
escoliers,1,False
encontre,1,False
mestrie,1,False
mortifficantes,1,False
entendissez,1,False
pourtera,1,False
lettres,1,False
lve,1,False
declarer,1,False
declaireay,1,False
mortiffient,1,False
ovres,1,False
perseverer,1,False
l'aide,1,False
moultipliance,1,False
teue,1,False
roys,1,False
checn,1,False
bourgne,1,False
resemblent,1,False
chouete,1,False
oyseau,1,False
boys,1,False
choueteaux,1,False
plaignent,1,False
ler,1,False
lvie,1,False
portera,1,False
tendrions,1,False
bougre,1,False
crestien,1,False
perir,1,False
maistrise,1,False
office,1,False
acquictées,1,False
entedement,1,False
atend,1,False
souldée,1,False
apparceu,1,False
oians,1,False
n'entendent,1,False
aprendront,1,False
subgez,1,False
n'auront,1,False
demourance,1,False
lviie,1,False
mails,1,False
saigement,1,False
legeres,1,False
doctes,1,False
louez,1,False
secour,1,False
prisez,1,False
meulleur,1,False
meuvent,1,False
ardant,1,False
royal,1,False
l'adreste,1,False
pelote,1,False
remouvoir,1,False
prmectre,1,False
loyaulté,1,False
cinquante,1,False
perie,1,False
esbauts,1,False
avanture,1,False
cinquisme,1,False
d'ouverture,1,False
l'esclar,1,False
apparence,1,False
lappelle,1,False
gouverneroient,1,False
cinquante-et,1,False
l'anientissement,1,False
ladnientissement,1,False
mendieront,1,False
lx,1,False
entieres,1,False
prmire,1,False
entierement,1,False
odour,1,False
deffende,1,False
deffent,1,False
eslevée,1,False
admiracion,1,False
parleray,1,False
allez,1,False
adnient,1,False
blanc,1,False
noir,1,False
coulours,1,False
appelez,1,False
derrenier,1,False
haste,1,False
lardour,1,False
deisr,1,False
avantage,1,False
adherent,1,False
joignent,1,False
s'adonnent,1,False
s'accordent,1,False
joindre,1,False
embellist,1,False
beaulte,1,False
ennuye,1,False
amander,1,False
excusez,1,False
jalousie,1,False
lxje,1,False
d'autant,1,False
d'eaue,1,False
descombré,1,False
louverture,1,False
apparicion,1,False
apprcevoie,1,False
fins,1,False
lessée,1,False
erres,1,False
envoiées,1,False
nomons,1,False
oource,1,False
meuve,1,False
auroie,1,False
lxije,1,False
reviens,1,False
frace,1,False
acquictent,1,False
impacience,1,False
amene,1,False
riches,1,False
desordonnance,1,False
n'oserions,1,False
verront,1,False
escripre,1,False
disoient,1,False
mentiroient,1,False
tenuz,1,False
voulent,1,False
conseillé,1,False
souffisit,1,False
lxiije,1,False
oblient,1,False
villaine,1,False
hons,1,False
marchandise,1,False
appaseray,1,False
pers,1,False
rapaise,1,False
pouvretez,1,False
souffrables,1,False
souffers,1,False
neccessaires,1,False
appareillées,1,False
mortiffiées,1,False
lxiiije,1,False
emporte,1,False
d'amans,1,False
embrasé,1,False
souffler,1,False
lxve,1,False
tois,1,False
vies,1,False
pluies,1,False
segurs,1,False
portes,1,False
ouvertes,1,False
devendra,1,False
dormy,1,False
serons,1,False
mises,1,False
seignorie,1,False
demourrez,1,False
meignée,1,False
checune,1,False
ramenteust,1,False
portieres,1,False
seriz,1,False
oyés,1,False
vestue,1,False
diminue,1,False
contree,1,False
cogneuse,1,False
lxvje,1,False
demourera,1,False
vendra,1,False
toutefuoiez,1,False
esioyes,1,False
enmantellée,1,False
seurmontée,1,False
parchemin,1,False
lxvije,1,False
deffluence,1,False
redondant,1,False
cnseil,1,False
lxviije,1,False
presse,1,False
parlez,1,False
prengnent,1,False
lxix,1,False
gagne,1,False
l'exaussa,1,False
voiot,1,False
bestialité,1,False
sauveroient,1,False
affiez,1,False
euvangiles,1,False
radressent,1,False
radressez,1,False
myen,1,False
radressons,1,False
escripte,1,False
d'exemples,1,False
fourme,1,False
croioye,1,False
loys,1,False
aourer,1,False
creer,1,False
d'ommes,1,False
naissance,1,False
novices,1,False
aunsi,1,False
montaignes,1,False
vallees,1,False
subgect,1,False
sacremens,1,False
aourent,1,False
mit,1,False
temples,1,False
l'aourent,1,False
trouvez,1,False
lxxe,1,False
m'enbate,1,False
lxxje,1,False
chailt,1,False
esbahyssable,1,False
apoyée,1,False
elevacion,1,False
d'affluant,1,False
l'appert,1,False
desrobée,1,False
l'appareil,1,False
actaingnist,1,False
peult,1,False
comparée,1,False
lxxije,1,False
estans,1,False
mainent,1,False
honté,1,False
perverse,1,False
election,1,False
s'accorderent,1,False
lucifer,1,False
pot,1,False
vouldrent,1,False
perdirent,1,False
retindrent,1,False
chef,1,False
vindrent,1,False
eleve,1,False
marries,1,False
vourement,1,False
jerarchies,1,False
nommer,1,False
effacé,1,False
desperit,1,False
s'esjoyst,1,False
tribulactions,1,False
espirituelles,1,False
prde,1,False
perde,1,False
rempliz,1,False
d'espirituelle,1,False
surmontant,1,False
prfaicte,1,False
reprenez,1,False
parée,1,False
appareillée,1,False
parez,1,False
apparens,1,False
cele,1,False
vaissel,1,False
eleccion,1,False
lxxiiije,1,False
nommee,1,False
lay,1,False
nomee,1,False
somez,1,False
aidez,1,False
montagne,1,False
seureté,1,False
soubtive,1,False
dangiers,1,False
empeschée,1,False
empeschemens,1,False
troublent,1,False
traffiguracion,1,False
lxxve,1,False
entendons,1,False
thabor,1,False
dissent,1,False
cachent,1,False
baston,1,False
vaincray,1,False
ferions,1,False
brebiz,1,False
entendemnt,1,False
bestial,1,False
sceussez,1,False
verroient,1,False
transfiguracion,1,False
significance,1,False
melle,1,False
entrement,1,False
demoustrant,1,False
lxxvje,1,False
repentant,1,False
pecheresse,1,False
nent,1,False
esleu,1,False
ostée,1,False
sceuz,1,False
leuvangile,1,False
oyans,1,False
delle,1,False
neut,1,False
ceux,1,False
chaillist,1,False
ressuscitoit,1,False
regnié,1,False
poiunt,1,False
jehain,1,False
l'euvangeliste,1,False
apocalipse,1,False
fouy,1,False
s'estoit,1,False
exemples,1,False
souffisent,1,False
trme,1,False
lxxvije,1,False
dispouser,1,False
éditions,1,False
texte,1,False
miroir,1,False
âmes,1,False
valenciennes,1,False
l'escondissent,1,False
lectres,1,False
scellees,1,False
jerarchie,1,False
envoie,1,False
escondissent,1,False
failte,1,False
aide,1,False
aidera,1,False
souvient,1,False
pleut,1,False
escondistes,1,False
messaiges,1,False
thrones,1,False
aorner,1,False
cherubins,1,False
embraser,1,False
faisoiez,1,False
laissay,1,False
mainburnie,1,False
sauvant,1,False
voulx,1,False
deffranchir,1,False
enfranchir,1,False
subtiles,1,False
messagiers,1,False
jusqs,1,False
lassée,1,False
enseignemens,1,False
muer,1,False
refusé,1,False
faisoie,1,False
vousissent,1,False
monstroye,1,False
disdrent,1,False
embatisse,1,False
aournez,1,False
luyst,1,False
buchetes,1,False
resplendisseurs,1,False
sana,1,False
garit,1,False
garir,1,False
sanctifie,1,False
j'arguay,1,False
travailloient,1,False
d'amplir,1,False
attende,1,False
arguemens,1,False
revenir,1,False
quelseille,1,False
n'escondisse,1,False
lxxive,1,False
n'escondissent,1,False
meschine,1,False
appareille,1,False
herberger,1,False
empliroit,1,False
tenant,1,False
deliberacion,1,False
actaindroit,1,False
hoir,1,False
droicturier,1,False
l'ainsnee,1,False
deffault,1,False
genillesse,1,False
telledame,1,False
despartie,1,False
rechef,1,False
n'ameroit,1,False
temporalité,1,False
ament,1,False
uny,1,False
senti,1,False
sentiroit,1,False
destruit,1,False
jnstruit,1,False
fient,1,False
saoullant,1,False
deschante,1,False
chant,1,False
deschant,1,False
oyent,1,False
prviengne,1,False
apprceu,1,False
succer,1,False
n'ataint,1,False
d'icelle,1,False
destompt,1,False
d'embler,1,False
paiera,1,False
sires,1,False
payerez,1,False
deffluant,1,False
denier,1,False
valze,1,False
cat,1,False
aillent,1,False
sourhaulcement,1,False
favissable,1,False
millieu,1,False
esbahissement,1,False
fleuve,1,False
confermée,1,False
iiijxxje,1,False
emprisonnée,1,False
onde,1,False
flote,1,False
suronde,1,False
osteroient,1,False
povoient,1,False
destoourber,1,False
l'ange,1,False
gardoit,1,False
resplendist,1,False
eschauffe,1,False
aliance,1,False
iiixxiie,1,False
espirituel,1,False
france,1,False
cesse,1,False
sepulcres,1,False
l'aime,1,False
pire,1,False
num,1,False
sene,1,False
convoit,1,False
gloser,1,False
plaisante,1,False
nuance,1,False
eaues,1,False
rentrées,1,False
n'atrait,1,False
atrait,1,False
discort,1,False
accord,1,False
costes,1,False
haay,1,False
descendues,1,False
mariage,1,False
divinemnt,1,False
fustes,1,False
nene,1,False
penez,1,False
saveure,1,False
savoure,1,False
esbahie,1,False
l'encombrier,1,False
lappert,1,False
asne,1,False
gardée,1,False
tendront,1,False
mectoye,1,False
defferoye,1,False
croyoie,1,False
ve,1,False
stocs,1,False
fruiz,1,False
lot,1,False
affine,1,False
pinte,1,False
gentilhomme,1,False
l'appelloit,1,False
reqeroit,1,False
champ,1,False
escorchée,1,False
pouldre,1,False
gittée,1,False
gentilement,1,False
adversité,1,False
penitance,1,False
d'ycy,1,False
lassus,1,False
esmrveillée,1,False
savroie,1,False
mains,1,False
oreilles,1,False
villennie,1,False
monstreray,1,False
servans,1,False
servi,1,False
esmerveiller,1,False
blasmeroit,1,False
l'enfranchi,1,False
s'esmerveille,1,False
apprtient,1,False
esmerveilloit,1,False
monstreroit,1,False
n'affiert,1,False
esmerveillance,1,False
neuveau,1,False
assovy,1,False
d'abondances,1,False
l'espandue,1,False
halage,1,False
assovyemens,1,False
assovyst,1,False
cortoisie,1,False
assovisse,1,False
troublée,1,False
loée,1,False
male,1,False
n'oit,1,False
lesseray,1,False
advenir,1,False
esmaioie,1,False
l'ose,1,False
escouter,1,False
deffaulx,1,False
failly,1,False
nay,1,False
heritage,1,False
aultrs,1,False
qtre,1,False
viiije,1,False
aultrez,1,False
saincteté,1,False
germaine,1,False
d'ou,1,False
lignee,1,False
mentiray,1,False
majesté,1,False
guttons,1,False
fructifiance,1,False
tairons,1,False
gaste,1,False
stoc,1,False
gictons,1,False
li,1,False
tourne,1,False
l'encombre,1,False
mendeie,1,False
sousprins,1,False
desrobez,1,False
desplante,1,False
preu,1,False
samye,1,False
assiduelle,1,False
adventure,1,False
advenoit,1,False
assaillie,1,False
d'adversité,1,False
vendroient,1,False
lestre,1,False
quatraire,1,False
lessoit,1,False
vendroit,1,False
dictez,1,False
paissant,1,False
gorge,1,False
ferme,1,False
contrarieté,1,False
malade,1,False
gasteroit,1,False
humeurs,1,False
maladies,1,False
phisique,1,False
l'essaye,1,False
saura,1,False
rencherroient,1,False
vivoient,1,False
cheuz,1,False
ouziesme,1,False
affinée,1,False
jusqes,1,False
que'lle,1,False
rouge,1,False
l'unité,1,False
clarifiement,1,False
cinq,1,False
unir,1,False
pruffitable,1,False
defaillance,1,False
jnspire,1,False
oeuvré,1,False
tart,1,False
oeuvrez,1,False
l'influence,1,False
gouvernement,1,False
cleres,1,False
clarifiées,1,False
magdalene,1,False
taist,1,False
l'oblier,1,False
falloit,1,False
l'emprint,1,False
l'adnientit,1,False
oeuvra,1,False
emprint,1,False
no,1,False
maria,1,False
quis,1,False
trestout,1,False
iiixx,1,False
close,1,False
silence,1,False
tarder,1,False
reposer,1,False
reposable,1,False
lessez,1,False
acquicté,1,False
paié,1,False
acomplissement,1,False
sentier,1,False
d'uy,1,False
huy,1,False
acquiert,1,False
linnocence,1,False
perdit,1,False
terrestre,1,False
jnobedience,1,False
prinst,1,False
vrais,1,False
jnnocens,1,False
obliz,1,False
clarifiez,1,False
relenqui,1,False
loé,1,False
discorde,1,False
meut,1,False
vaulx,1,False
laissons,1,False
demeura,1,False
affamée,1,False
ala,1,False
escriroit,1,False
trouvassent,1,False
escrips,1,False
diviseroit,1,False
encombree,1,False
mendioit,1,False
pradis,1,False
soubzhaulcee,1,False
remontast,1,False
l'ascencion,1,False
vendredi,1,False
chpse,1,False
délivré,1,False
entendrez,1,False
contrariete,1,False
trouvast,1,False
revenger,1,False
mendiassent,1,False
lesconvient,1,False
fis,1,False
mectoie,1,False
pourter,1,False
jonc,1,False
fallot,1,False
torche,1,False
m'encombré,1,False
estripre,1,False
xviije,1,False
enfermé,1,False
seellé,1,False
clousture,1,False
ouvrir,1,False
desseeller,1,False
clorre,1,False
clost,1,False
clefz,1,False
recognoistrez,1,False
ordre,1,False
sentu,1,False
recognoistront,1,False
trestost,1,False
souverainete,1,False
ordonnées,1,False
mancion,1,False
mellencolieux,1,False
fleumatiques,1,False
fortunes,1,False
leger,1,False
voulut,1,False
error,1,False
royaulx,1,False
entreprinse,1,False
commencer,1,False
cieulx,1,False
gentille,1,False
querroit,1,False
soiy,1,False
cje,1,False
erreroye,1,False
querroye,1,False
penseroie,1,False
faillance,1,False
recognois,1,False
ouvrit,1,False
moyenne,1,False
correction,1,False
mauvaistie,1,False
loge,1,False
chartre,1,False
creez,1,False
formez,1,False
adionctes,1,False
baptesme,1,False
vainct,1,False
faittes,1,False
destourbons,1,False
amertume,1,False
contraignons,1,False
forcener,1,False
appeller,1,False
enluminez,1,False
amende,1,False
nonchallance,1,False
sergent,1,False
matière,1,False
iije,1,False
aident,1,False
justes,1,False
grossesse,1,False
n'eussions,1,False
mir,1,False
souffreroit,1,False
desfranchist,1,False
riens,1,False
tollist,1,False
assentir,1,False
reprent,1,False
pardessus,1,False
moin,1,False
conferme,1,False
jncertaine,1,False
chee,1,False
contempler,1,False
endui,1,False
s'encline,1,False
consentir,1,False
dicte,1,False
refusement,1,False
elevé,1,False
ouil,1,False
decheoir,1,False
ensuit,1,False
eureux,1,False
acompaignée,1,False
subject,1,False
paux,1,False
m'amour,1,False
encrée,1,False
ui,1,False
commencent,1,False
premiere,1,True
queant,1,False
hait,1,False
consent,1,False
otre,1,False
osidracon,1,False
eviter,1,False
meffaut,1,False
meffais,1,False
vroiement,1,False
alaine,1,False
greigneur,1,False
trouverrez,1,False
similitute,1,False
bestiaux,1,False
convenist,1,False
alast,1,False
rigour,1,False
paiée,1,False
donneriez,1,False
devray,1,False
descompt,1,False
nuls,1,False
s'esbahyst,1,False
suffisanment,1,False
satiffaire,1,False
similitude,1,False
n'eu,1,False
m'eussez,1,False
donnay,1,False
bient,1,False
tien,1,False
devroie,1,False
meffaicte,1,False
roide,1,False
rigoreuse,1,False
doulces,1,False
courtoises,1,False
apaisay,1,False
enchee,1,False
preigne,1,False
lung,1,False
miroier,1,False
racheta,1,False
ensuir,1,False
serions,1,False
impossible,1,False
empliz,1,False
querrir,1,False
l'art,1,False
répliques,1,False
lacunas,1,False
terminologie,1,False
étrange,1,False
connaissance,1,False
longchamp,1,False
d'entendre,1,False
parlant,1,False
ysnel,1,False
taindre,1,False
babinsky,1,False
meurs,1,False
apprcevances,1,False
retirent,1,False
triste,1,False
seignourie,1,False
prdu,1,False
laissant,1,False
ravi,1,False
rendage,1,False
jugée,1,False
xje,1,False
quelques,1,False
estoir,1,False
cree,1,False
regusse,1,False
yrions,1,False
pestilence,1,False
nour,1,False
doiy,1,False
ressoie,1,False
yssisse,1,False
l'estes,1,False
l'estiez,1,False
ouvreroit,1,False
aviez,1,False
peussez,1,False
desveil,1,False
espandre,1,False
l'aymée,1,False
xiije,1,False
retraire,1,False
devocion,1,False
prescha,1,False
faisions,1,False
vendrions,1,False
metant,1,False
clariffiez,1,False
devans,1,False
habergement,1,False
aincois,1,False
conjction,1,False
engendrez,1,False
reflechist,1,False
fruccion,1,False
estance,1,False
grefueté,1,False
achaison,1,False
grevetez,1,False
vendront,1,False
plaisirs,1,False
ci,1,True
s'apparcoit,1,False
esioye,1,False
s'est,1,False
esioyé,1,False
juge,1,False
cas,1,False
desdire,1,False
deffaille,1,False
soubhaucié,1,False
dangier,1,False
l'aumosne,1,False
defferoit,1,False
estanchée,1,False
mendiasse,1,False
remplir,1,False
l'abysme,1,False
besongne,1,False
l'umain,1,False
rachat,1,False
d'avantage,1,False
asseurée,1,False
certiffiance,1,False
for,1,False
dangereouse,1,False
piere,1,False
l'achoison,1,False
ffoiz,1,False
plantez,1,False
descenduz,1,False
jmparfait,1,False
place,1,False
guerir,1,False
navrez,1,False
devote,1,False
s'appellent,1,False
xviiie,1,False
l'emprinse,1,False
degrez,1,False
esseulée,1,False
considere,1,False
mil,1,False
ans,1,False
trouvay,1,False
esmaye,1,False
entreprendre,1,False
couars,1,False
paresse,1,False
diligenment,1,False
conseille,1,False
deporter,1,False
d'acomplir,1,False
s'abandonne,1,False
s'efforce,1,False
conseilz,1,False
mortiffiemnt,1,False
desprisant,1,False
fobloice,1,False
craignit,1,False
trenche,1,False
boullant,1,False
cognoissable,1,False
offrende,1,False
nayme,1,False
raideur,1,False
sacrifice,1,False
l'abstinance,1,False
relenquist,1,False
oblige,1,False
abstinence,1,False
exmplir,1,False
laultruy,1,False
dessusdiz,1,False
mouldre,1,False
deffroissant,1,False
debrisant,1,False
eslargir,1,False
vouldra,1,False
emco,1,False
encombrer,1,False
celustre,1,False
grandement,1,False
resasié,1,False
gracieuse,1,False
mecte,1,False
veue,1,False
esblouye,1,False
desduit,1,False
s'aprouche,1,False
contrester,1,False
soubhaulciée,1,False
esbahyssance,1,False
espant,1,False
espandement,1,False
espandu,1,False
justesse,1,False
mouver,1,False
prouffiter,1,False
maligne,1,False
enclinée,1,False
remect,1,False
emplir,1,False
n'ayt,1,False
assoyst,1,False
loncguement,1,False
prfondesse,1,False
pardonde,1,False
abysmée,1,False
grouffre,1,False
garnison,1,False
deluge,1,False
profondesse,1,False
chaere,1,False
regne,1,False
mesms,1,False
demonstre,1,False
l'engin,1,False
douée,1,False
formée,1,False
adroit,1,False
jolye,1,False
deprti,1,False
apoint,1,False
reveoir,1,False
veoirs,1,False
quelqonque,1,False
clarifie,1,False
voi,1,False
glorifiement,1,False
aurons,1,False
n'amye,1,False
approprier,1,False
avions,1,False
payée,1,False
duqel,1,False
n'aurons,1,False
s'excuse,1,False
proles,1,False
separer,1,False
couardise,1,False
mainé,1,False
avalé,1,False
mutacion,1,False
descombrant,1,False
semblast,1,False
xxe,1,False
esmeraude,1,False
gemme,1,False
dyamant,1,False
royne,1,False
emperetriz,1,False
adresse,1,False
maintenir,1,False
prfont,1,False
seellee,1,False
subtillement,1,False
mucez,1,False
gictez,1,False
savons,1,False
resplendour,1,False
luyre,1,False
deisse,1,False
doubtez,1,False
baillie,1,False
sagement,1,False
estoille,1,False
demonstrez,1,False
d'impurté,1,False
lune,1,False
raconsez,1,False
l'oriflambe,1,False
alez,1,False
strain,1,False
fros,1,False
fourrage,1,False
serfs,1,False
saoule,1,False
deviser,1,False
ester,1,False
clerc,1,False
trez,1,False
cuve,1,False
florer,1,False
goustez,1,False
vons,1,False
pouvrez,1,False
blage,1,False
vour,1,False
dampneroient,1,False
où,1,True
octroiez,1,False
l'auront,1,False
murtries,1,False
crier,1,False
sauveur,1,False
amont,1,False
rendant,1,False
despartit,1,False
ausquelles,1,False
beste,1,False
consideroie,1,False
mener,1,False
fier,1,False
ausse,1,False
m'as,1,False
l'adfine,1,False
reveler,1,False
charta,1,False
l'excellence,1,False
prestres,1,False
prescheurs,1,False
augustins,1,False
carmes,1,False
freres,1,False
mineurs,1,False
j'escri,1,False
l'affinée,1,False
sauve,1,False
l'affluence,1,False
denonce,1,False
s'amour,1,False
soubhaulce,1,False
voue,1,False
mens,1,False
noyaulx,1,False
s'ensuivent,1,False
vingt,1,False
lesquelx,1,False
vivoie,1,False
lait,1,False
papin,1,False
sotoioie,1,False
aydoient,1,False
durant,1,False
adour,1,False
s'adresse,1,False
radresse,1,False
apostre,1,False
voys,1,False
lamoient,1,False
tendrement,1,False
foiblement,1,False
peurent,1,False
desserve,1,False
empesche,1,False
magdalaine,1,False
retournast,1,False
deschaulx,1,False
travaillé,1,False
chief,1,False
jeun,1,False
refusez,1,False
s'atendoit,1,False
actendoit,1,False
monument,1,False
parloient,1,False
offrant,1,False
recevoit,1,False
s'offroient,1,False
estoies,1,False
queroies,1,False
amoyes,1,False
l'affeccion,1,False
queis,1,False
aourna,1,False
entremesleure,1,False
adioingnit,1,False
deut,1,False
ahanne,1,False
fouyst,1,False
houe,1,False
doye,1,False
semer,1,False
fouyé,1,False
honée,1,False
jouyssance,1,False
pourriz,1,False
pourrist,1,False
revient,1,False
pena,1,False
desrivees,1,False
operacions,1,False
d'ardans,1,False
courir,1,False
ahannant,1,False
labouroit,1,False
n'engendre,1,False
certiffient,1,False
labourage,1,False
adrecée,1,False
mauvaise,1,False
tousjiours,1,False
ahannoit,1,False
semoit,1,False
ostées,1,False
boces,1,False
pvez,1,False
d'umain,1,False
appellent,1,False
l'appellent,1,False
sotoier,1,False
foloier,1,False
certainement,1,False
mauvaisté,1,False
ardamment,1,False
charga,1,False
descombra,1,False
ahannée,1,False
semée,1,False
seurplus,1,False
devrions,1,False
prouffita,1,False
qnt,1,False
rie,1,False
courut,1,False
aprs,1,False
venu,1,False
tent,1,False
sist,1,False
regrt,1,False
st,1,False
sanctiffiez,1,False
m'esbahyssant,1,False
suivissent,1,False
coy,1,False
partist,1,False
l'assovyssoit,1,False
l'exonier,1,False
l'ala,1,False
exonia,1,False
detenir,1,False
preschoit,1,False
embatit,1,False
rompit,1,False
pourprise,1,False
baptisa,1,False
tint,1,False
oyt,1,False
voix,1,False
orgueillit,1,False
revela,1,False
propos,1,False
sauvé,1,False
consentie,1,False
conceut,1,False
n'eussez,1,False
espine,1,False
balene,1,False
xii,1,False
penthecoste,1,False
receurent,1,False
labondance,1,False
aournee,1,False
ploy,1,False
meulequin,1,False
ver,1,False
fussiés,1,False
presence,1,False
enfant,1,False
juifs,1,False
crucifioient,1,False
cruaulté,1,False
feistes,1,False
pardon,1,False
mesfait,1,False
sang,1,False
aguille,1,False
souffisante,1,False
mille,1,False
mondes,1,False
pliis,1,False
pape,1,False
rome,1,False
domin,1,False
labra,1,False
aparios,1,False
d'aultres,1,False
l'antecrist,1,False
greffe,1,False
alesne,1,False
delicateté,1,False
joingnit,1,False
souffisanment,1,False
hardi,1,False
reqerir,1,False
desprisez,1,False
tourmenté,1,False
tenu,1,False
actendu,1,False
oultrage,1,False
voulions,1,False
l'eusse,1,False
pleu,1,False
m'eust,1,False
restaurast,1,False
cuiders,1,False
fol,1,False
cuidoie,1,False
ny,1,False
huytiesme,1,False
despitez,1,False
honteusement,1,False
soufferte,1,False
d'embraser,1,False
benefices,1,False
esprins,1,False
verroie,1,False
ng,1,False
prptlog,1,False
sefadaa,1,False
gloriffiée,1,False
descendit,1,False
fre,1,False
uniz,1,False
xxixe,1,False
seraphine,1,False
mistere,1,False
descombrable,1,False
approucher,1,False
asses,1,False
fit,1,False
consideracions,1,False
j'eu,1,False
voulentez,1,False
louay,1,False
esjoy,1,False
donnerent,1,False
comprandement,1,False
comprandendement,1,False
ennemie,1,False
meschancetez,1,False
comprenge,1,False
comprandre,1,False
comgnois,1,False
xxxie,1,False
apre,1,False
apaiser,1,False
sais,1,False
revance,1,False
feusse,1,False
retournasse,1,False
vengé,1,False
amenuiser,1,False
fondroie,1,False
retourneroie,1,False
plustost,1,False
vousisse,1,False
j'aimeroie,1,False
alas,1,False
traduction,1,False
anglais,1,False
médiéval,1,False
autelz,1,False
j'ameroie,1,False
souffrist,1,False
tormens,1,False
dessusdit,1,False
yroit,1,False
plustoust,1,False
meffeisse,1,False
souffreroie,1,False
desplaire,1,False
perdoie,1,False
chauldroit,1,False
rendoit,1,False
reprendroie,1,False
alasse,1,False
lameroir,1,False
reusse,1,False
verst,1,False
rendray,1,False
mectray,1,False
rendisse,1,False
fusses,1,False
deffauldroie,1,False
puisqe,1,False
pouroie,1,False
pensant,1,False
contendreoie,1,False
j'amasse,1,False
voulloir,1,False
feroie,1,False
preillement,1,False
feis,1,False
conseillay,1,False
amasse,1,False
m'amast,1,False
deffailli,1,False
n'escondire,1,False
rassailloit,1,False
destroit,1,False
n'aloye,1,False
l'ambleure,1,False
touteffoiz,1,False
liger,1,False
breve,1,False
ligere,1,False
m'esconvint,1,False
destresse,1,False
esprouver,1,False
prlay,1,False
respondit,1,False
angoisse,1,False
despartir,1,False
qestions,1,False
changer,1,False
vouldriez,1,False
grefves,1,False
octroyer,1,False
martir,1,False
amenez,1,False
declin,1,False
enffance,1,False
viennent,1,False
xxxije,1,False
qelle,1,False
mavoit,1,False
contredis,1,False
tantoust,1,False
commencay,1,False
l'enfance,1,False
finees,1,False
lespandement,1,False
haultain,1,False
soubdainement,1,False
miraculeuse,1,False
ment,1,False
dessusdis,1,False
remonstre,1,False
quante,1,False
j'esoie,1,False
esmarrie,1,False
actainte,1,False
apparcoyve,1,False
com,1,False
seme,1,False
disposent,1,False
nueté,1,False
serpent,1,False
morde,1,False
croissoit,1,False
deubs,1,False
d'exemple,1,False
encloses,1,False
obeyssent,1,False
sect,1,False
destruiroit,1,False
poincte,1,False
glaive,1,False
occiant,1,False
plaisances,1,False
tuant,1,False
vouloirs,1,False
lesprit,1,False
titres,1,False
matières,1,False
desprit,1,False
prfesse,1,False
regle,1,False
mourtuaire,1,False
d'amis,1,False
ayderent,1,False
occis,1,False
cuidiers,1,False
oultrecuidez,1,False
mectoient,1,False
restourne,1,False
d'espandue,1,False
vaincu,1,False
analer,1,False
soubtilment,1,False
drap,1,False
esprouve,1,False
xxxviiije,1,False
menassable,1,False
tels,1,False
baraz,1,False
desrobant,1,False
vigour,1,False
esprouvé,1,False
meschance,1,False
eur,1,False
passant,1,False
couvrant,1,False
devoie,1,False
mienne,1,False
dung,1,False
d'aventure,1,False
trouvent,1,False
oeuvrent,1,False
veler,1,False
esperiz,1,False
complexions,1,False
conclusion,1,False
lumire,1,False
comprolissez,1,False
regardent,1,False
considerez,1,False
deo,1,False
gracias,1,False
explicit,1,False
prier,1,False
qu'apres,1,False
presente,1,False
rende,1,False
louenges,1,False
amen,1,False
