capitulo,titulo_capitulo,total_palabras_capitulo,ame,amour,nient/néant,franchise,volenté,vertu(s),raison,esperit,aniente/anientie
0,(material previo al capítulo 1 / poema inicial),142,1,2,0,0,0,1,3,0,0
1,Le cplogue.,542,5,14,0,1,1,0,0,1,1
2,De l'entreprinse d'amor et pourquoy elle fist faire ce livre.,78,0,1,0,0,0,1,1,0,0
3,Icy parle amor des commandemens de nostre treze saincte eglise.,256,2,2,0,0,0,3,0,0,0
4,De la noble vertu de charité et comment elle ne obeyst sinon a amor.,209,0,3,0,0,0,1,0,0,0
5,De la vie qui s'appellé pais de charité en vie adnientie.,520,10,8,0,0,2,0,0,0,1
6,Comment l'ame vivant en paix de charité prent congié aux vertuz.,227,4,3,0,2,0,3,0,0,0
7,Comment ceste ame ne fait compte de nulle rien qui soit.,318,7,11,3,0,6,0,5,0,0
8,Comment raison s'esbahyst de ce que l'ame lesse les vertuz.,428,17,11,0,0,0,14,9,0,0
9,Comment telles ames n'ont point de propre voulente.,426,11,10,0,0,4,1,4,0,0
10,"Comment amour nomme ceste ame par douze noms a la requeste de raison, et por les actifs.",183,3,6,1,0,2,0,4,0,0
11,Comment a la requeste de raison amor donne connoissance de ceste ame aux vrais contemplatifs en declarant neuf poins.,1728,42,52,3,0,6,1,23,2,0
12,Le vray entendement de ce que ce livre a dit de l'ame adnientie n'a point de voulenté.,589,18,9,2,4,5,0,10,0,0
13,Comment raison est contente de la declaration des choses dessusdictes pour les actifs et contemplatifs mais elle demande encore por les communes gens.,972,16,16,8,1,4,1,12,0,0
14,Comment ceste ame par foy a cognoissance de dieu.,219,2,1,0,0,1,1,0,3,0
15,Icy parle haultement du saint sacrement de l'autel.,592,3,4,0,0,1,1,1,0,0
16,Icy respont amor a raison ad ce qu'elle a dit que l'ame scait tout et ne scait nient.,538,14,15,9,1,3,1,7,0,0
17,Icy respont amor a raison ad ce qu'elle a dit que ces ames donnent a nature ce qu'elle demande.,538,12,6,1,0,0,0,2,0,0
18,Comment telles creatures ne sceuent plus de dieu parler.,142,3,2,1,0,0,0,0,0,0
19,"Comment foy, esperance, et charité, demandent a amor cognoissance de telles ames.",431,11,11,0,0,0,6,3,0,0
20,Amor respont à raison ad ce qu'elle a dit que nul ne cognoist de telles ames fors dieu.,251,7,9,0,0,0,1,8,0,0
21,Amor respont à l'aguement de raison porce que ce livre dit que telles ames prennent congé aux vertuz.,509,14,13,0,0,1,14,8,0,0
22,Comment ceste ame est comparasée à l'aigle qui vole hault et comment elle prent congé de nature.,263,6,3,1,1,0,0,0,0,0
23,Comment ceste ame a deux potences et comment elle pure de ce de quoy oncques elle ne beut.,601,13,8,0,2,1,0,3,0,0
24,En quel temps telles ames sont en la droicte franchise d'amor.,219,4,6,0,3,0,0,1,0,0
25,Raison demande à amor se telles ames sentent nulle Joye ou seesse dedans elles mesmes.,312,4,7,0,0,2,2,3,0,0
26,Comment ceste ame n'ayme rien sinon por l'amor de dieu.,154,7,5,2,0,0,0,0,0,0
27,Comment meditacion d'amor pure n'a que une seule entente.,286,4,4,0,0,6,0,0,0,0
28,Comment ceste noble ame noue dedans la mer de joye.,168,5,5,0,0,0,1,0,0,0
29,"Raison demande à amor, quant ceste ame est en la pure franchise d'amour.",166,2,9,0,2,0,0,4,1,0
30,"Comment raison dit à amor, qu'elle assouysse ceste ame de parler de dieu tout ce que elle en pourroit dire.",664,18,21,3,0,0,0,6,0,0
31,Comment amour apaise l'ame porce qu'elle a donné à son espoux ce qu'elle avoit.,606,14,12,2,0,1,0,0,0,0
32,Comment amour fait durer telles ames en leur sens.,500,10,6,2,0,0,0,3,1,0
33,L'ame s'esbahist quant elle pense aux dons de la bonté de dieu.,282,10,0,0,0,0,0,1,1,0
34,Comment l'ame dit que de elle elle ne peut nient.,394,5,5,7,0,1,0,0,1,0
35,Comment ceste ame argue contre raison et dit que sans commencement elle est de dieu amée.,460,17,14,1,0,1,0,12,0,0
36,Comment l'ame est franche et hors de la subiection de raison.,320,9,4,0,1,1,0,7,0,0
37,Icy dit l'ame qu'en paradis à sa grant gloire seront cogneuz ses pechez.,291,9,5,3,0,3,0,0,0,0
38,Comment l'ame recognoist la cortoisie d'amor en recognoissant parfaictement sa pouvreté.,293,4,5,0,0,0,0,5,1,0
39,Comment raison veult estre serve de l'ame.,370,5,20,0,0,0,3,13,0,0
40,Comment amour appelle ceste ame surmontamment sage et porquoy.,182,4,7,2,0,0,0,4,0,0
41,Comment l'ame n'a nulle mesaise de peché ne esperance en bien qu'elle fist oncques.,358,9,10,0,0,1,0,3,1,0
42,Comment le saint esprit enseigne ce que celle ame scet et tout ce qu'elle veult et qu'elle a.,258,4,3,4,0,0,0,1,9,0
43,"Comment telles ames sont appellées saincte eglise, et quelle chose saincte eglise peut dire d'elles.",638,15,16,0,0,5,0,5,8,0
44,"Quel usage a l'ame qui languist d'amor, et en quel point est l'ame qui est morte d'amor.",389,16,12,1,0,8,1,4,0,0
45,Comment ceulx qui n'ont point de voulenté vivent en franchise de charité.,412,3,2,18,3,2,0,2,0,0
46,Comment a cognoissance du plus porce que a son advis elle ne cognoist rien de dieu au regart du plus de luy.,178,7,0,4,0,0,0,2,0,0
47,Comment l'ame est venue en cognoissance de son nient.,226,6,3,6,2,0,0,0,0,0
48,Comment l'ame n'est mie franche qui desire que la voulenté de dieu soit faicte en elle a son honnor.,287,12,7,1,4,8,1,5,0,0
49,Comment telle ame qui n'a point de voulenté est noble.,239,5,9,3,1,5,0,0,0,0
50,Comment ceste ame est emprainte en dieu aussi comme est le seel en la cire.,248,9,2,0,0,1,0,0,1,0
51,Comment ceste ame est semblable à la deité.,340,10,6,11,3,0,0,0,0,0
52,"Comment amor, loue ceste ame, et comment elle demoure es habondances affliences de divine amor.",478,9,12,4,1,0,1,2,0,0
53,Comment raison demande declaracion de ce qui est dessus dit.,213,3,4,0,0,0,0,4,0,0
54,Raison demande de quantes mors il convient que l'ame meure ains qu'on entende ce livre.,208,6,5,0,0,0,0,9,0,0
55,Comment amor respont a raison.,288,4,6,0,0,1,2,2,0,0
56,Comment les vertuz se plaignent d'amor qui si pou leur porte de honnor.,346,5,10,0,0,0,9,0,0,0
57,De ceulx qui sont en l'estat des marriz et comment ilz sont sers.,541,5,10,2,3,0,1,2,2,0
58,Comment les ames adnienties sont au ve estat avec leur amy.,400,10,8,0,1,2,0,1,0,0
59,De quoy a vesqu ceste ame et comment elle est sans elle.,273,9,7,2,0,0,0,3,0,0
60,Comment il convient mourir de trois mors ains qu'on viengne a vie franchement adnientie.,488,6,3,0,1,2,0,1,0,1
61,Des sept estaz de l'ame.,470,16,4,0,1,0,0,0,0,0
62,"De ceulx qui sont mors a peché mortel, et nez en vie de grace.",358,5,3,0,1,1,0,6,0,0
63,Comment amor appelle vilains ceulx a qui il souffist estre sauvez.,280,5,7,0,0,0,0,0,0,0
64,Icy parle des ames qui sont mortiffiées de vie d'esprit.,121,3,9,0,0,0,0,0,0,0
65,De celles qui sont assises en la montaigne au dessus des vens.,365,2,7,1,1,0,0,5,2,0
66,Comment l'ame est joyeuse de ce qu'elle prins congé de raison et des aultres vertuz.,177,7,5,0,0,0,3,3,0,0
67,Icy parle du pays ou ceste ame demoure et de la trinité.,234,5,6,0,0,0,0,1,0,0
68,"Comment par oeuvre divine ceste ame est joincte a la trinite, et comment elle appelle asnes ceulx qui veulent vivre du conseil de raison.",208,6,2,0,0,1,0,3,0,0
69,L'ame dit ycy que l'usage des vertuz n'est que soing et travail.,543,15,2,1,0,2,1,8,0,0
70,Comment telle ame est de la grace dieu ce que elle est.,163,4,2,2,0,0,0,1,0,0
71,"Comment ceste ame ne fait plus oeuvre pour dieu, ne por elle, ne por les proesmes.",260,8,6,1,1,0,0,0,0,0
72,"Icy parle de la distance du pays des periz et marriz au pays de franchise, et porquoy l'ame a voulenté.",494,13,11,0,2,11,0,5,4,0
73,Comment il convient mourir l'esprit ains qu'il perde la voulenté.,418,3,11,0,1,9,0,1,0,0
74,Porquoy amor appelle ceste ame par si petit nom comme est nom de ame.,202,4,6,0,0,0,0,2,0,0
75,Comment l'ame enluminée donne entendement des choses dessusdictes par exemple de la transfiguracion de nostre seigneur Jhesucrist.,362,10,1,0,2,0,0,0,0,0
76,Icy monstre l'ame à l'exemple de la magdelene et des sains que l'ame n'a nulle honte de ses pechez.,264,3,0,0,0,1,0,0,0,0
77,Icy demande l'ame se dieu a mis fin et terme aux dons de sa bonté.,802,10,19,0,2,2,6,2,2,0
78,Comment ceulx qui n'ont obey aux enseignemens de perfection demourent encombrez d'eulx mesmes jusques a la mort.,498,5,9,0,2,2,3,0,0,0
79,Comment l'ame franche conseille qu'on ne escondisse point les demandes du bon esprit.,497,10,8,2,3,0,0,2,1,0
80,Comment l'ame chante et deschante.,493,15,6,6,1,6,0,2,0,0
81,"Comment a ceste ame ne chault, ne d'elle ne de son proesme, ne de dieu mesmes.",345,6,5,11,0,0,0,2,0,0
82,Comment elle est franche de ses quatre costez.,581,7,8,2,5,6,2,0,0,0
83,Comment l'ame a le nom de la muance ou amor l'a muée.,135,3,3,0,0,0,0,0,0,0
84,"Comment l'ame franche de ses quatre costez monte en souveraineté, et vit franchement de divine vie.",526,7,7,3,3,0,0,7,0,0
85,"Comment ceste ame est franche et plus franche, et tres franche.",245,7,4,1,8,1,0,0,0,0
86,Comment raison s'esmerveille de ce que on dit de ceste ame.,631,12,2,0,3,1,0,4,1,0
87,Comment ceste ame est dame des vertuz et fille de la deité.,241,11,9,0,0,0,3,7,0,0
88,"Comment amor demande ce que raison demanderoit s'elle estoit en vie, c'est assavoir qui est la mere de raison et des aultres vertuz.",455,9,14,1,2,0,9,8,0,0
89,Comment ceste ame a tout donné par franchise de noblesse.,336,6,1,1,3,3,0,3,0,0
90,Comment une personne peut venir a parfection por faire le contraire de son vouloir.,367,6,5,1,5,2,2,0,1,0
91,"Comment la voulenté de ces ames est la voulenté d'amor, et porquoy.",367,5,3,2,2,6,2,1,0,0
92,Comment l'ame se descombre de dieu et d'elle et de son proesme.,224,4,3,3,1,1,0,1,0,0
93,Icy parle de la paix de divine vie.,258,2,6,0,0,2,0,1,0,0
94,Du langage de divine vie.,323,2,1,0,0,1,1,1,1,0
95,Comment le pays des marriz est loing du pays des adnientiz.,227,1,4,0,0,0,2,1,0,0
96,Icy parle l'ame a la trinité.,284,1,0,6,0,1,0,0,0,0
97,Comment paradis n'est aultre chose que veoir dieu.,430,4,1,1,1,0,0,0,0,0
98,Raison demande qui sont ceulx qui sont en estre sur leurs pensees.,293,1,1,2,0,0,0,2,0,0
99,Comment telz gens qui sont en tel estre sont en souveraineté.,124,1,0,0,0,1,0,1,0,0
100,Comment il y a grant differance des anges des uns envers les aultres.,417,0,1,3,0,1,0,0,0,0
101,"Comment ceste ame ne veult plus rien faire, ne aussi rien ne luy fault, nient plus que a son amy.",464,11,2,9,0,0,0,3,0,0
102,Icy monstre l'entendement de l'ame adnientie la pitié que c'est quant mauvestié a victoire sur bonté.,270,2,0,0,0,2,0,0,0,0
103,Icy monstre que c'est à dire que le juste chet sept foiz le jor.,308,2,2,0,5,7,1,0,0,0
104,Icy parle l'ame comment dieu luy a donné franchement sa franche voulenté.,255,6,2,0,4,9,2,0,0,0
105,Que c'est à dire que le iuste chet sept foiz le jor.,321,2,0,0,1,3,6,0,0,0
106,Comment l'ame dit et monstre la somme de ses demandes.,320,9,6,1,0,0,0,2,0,0
107,Icy commencent les demandes de la noble ame.,143,1,0,1,1,3,0,0,0,0
108,Une belle consideracion pour eviter peché.,502,11,0,10,0,10,0,0,0,0
109,Comment l'ame s'esbahist de ce qu'elle ne peut souffisamment satisfaire pour ses deffaultes.,628,9,0,7,0,6,0,0,0,0
110,Comment art en creature est ung engin soubtil qui est en substance de l'ame.,381,5,8,2,0,1,0,0,1,0
111,"La difference entre onction de paix et guerre que fait reprendement, ou remors de conscience.",447,4,0,1,5,11,1,0,0,0
112,De la bonté permanable qui est amour permanable.,63,0,2,0,0,0,0,0,0,0
113,Penser a la passion Jhesucrist fait avoir victoire sur nos mesmes.,176,0,1,0,0,0,0,2,0,0
114,Se creature humaine peut demourer en vie et estre sans elle.,173,1,1,0,0,2,0,0,0,0
115,"Icy parle de la substance permanable, et comment amor engendre en l'ame la trinite.",298,9,9,0,1,3,0,0,5,0
116,Comment l'ame s'esjoyst de la grefté de ses proesmes.,252,2,1,0,0,1,0,5,1,0
117,Comment ceste ame monstre qu'elle est exemple du salut de toute creature.,945,2,1,0,0,1,0,1,1,0
118,Des sept estaz de l'ame devote qui aultrement s'appellent estres.,2293,47,17,7,7,11,0,0,2,0
119,Comment l'ame qui a fait escrire ce livre s'excuse de ce qu'elle a fait ce livre si long en paroles lequel semble bref et petit aux ames qui demourent en nient et qui sont cheues d'amor en tel estre.,325,6,3,5,0,0,0,4,1,0
120,Comment verité loue telles ames.,177,3,3,0,0,0,0,1,0,0
121,Comment saincte eglise les loue.,366,3,3,1,0,5,0,2,0,0
122,Icy commence l'ame sa chancon.,764,1,16,1,1,1,3,4,1,0
123,"Icy s'ensuivent aucuns regars por ceulx qui sont en l'estre des marriz qui demandent la voye du pays de franchise, et est le premier regart des apostres.",275,0,4,0,1,0,0,0,2,0
124,Le second regart est de la benoiste magdelene.,1413,2,0,2,1,0,3,0,1,0
125,Le tiers est de saint Jhen babptiste.,242,0,0,1,0,0,0,0,1,0
126,Le quart est de la vierge marie et de la sanctificacion.,588,0,0,0,0,0,1,0,2,0
127,Le quint regart est comment nature divine est joincte en nature humaine en la persone du filz.,227,0,0,0,1,0,0,0,0,0
128,Le siziesme regart est comment l'umanité du filz de dieu fut por nous tourmentée.,311,2,0,0,0,1,0,0,0,0
129,Le septiesme regart qui est des seraphins et comment ilz sont uniz à la voulenté divine.,188,0,1,0,0,3,0,0,0,0
130,"Icy parle l'ame de trois beaux regars et consideracions, et comment elle ne cognoist de la puissance sapience et bonté divine: sinon autant comme elle cognoist de sa foiblece et sotise et de la mauvaistié.",647,0,0,9,0,0,0,0,1,0
131,Icy dit l'ame que elle ne veult que la voulenté de dieu.,1498,0,3,9,0,12,0,0,0,0
132,Comment justice misericorde et amor viennent a l'ame quant elle est yssue de son enfance.,374,1,5,5,1,2,0,0,1,0
133,"Icy dit l'ame que les regars dessusdis sont por les marriz, et remonstre qui sont les marriz, et comment ces regars sont en vie d'esprit.",482,8,7,3,5,1,1,0,0,1
134,"Comment lame est en perfeccion d'estre, quant saincte eglise ne peut prendre exemple en sa vie.",217,3,2,0,2,0,2,0,1,0
135,Comment ceulx sont deceuz a qui il souffist eulx gouverner en affection de vie d'esprit.,16,0,0,0,0,0,0,0,0,0
136,Comment toute oeuvre est deffendue a l'ame adnientie.,9,0,0,0,0,0,0,0,0,0
137,Comment ceste ame est professe en sa religion et comment elle a bien gardé sa regle.,86,3,0,0,0,0,0,0,0,0
138,Comment ceste ame restourne a son premier estre.,184,6,0,0,0,0,0,0,0,0
139,Comment nature est subtile en plusieurs poins.,328,1,1,1,1,0,0,0,3,0
